snapshot,balance_filter,script_type_filter,spend_activity_filter,pubkey_count,utxo_count,supply_sats,exposed_pubkey_count,exposed_utxo_count,exposed_supply_sats,estimated_migration_blocks
10000,all,All,active,9,9,23157000000,9,9,23157000000,0.00
10000,all,All,all,9463,9495,50000000000000,9457,9458,47598666000000,1.06
10000,all,All,never_spent,9454,9486,49976843000000,9448,9449,47575509000000,1.06
10000,all,P2PK,active,8,8,23156000000,8,8,23156000000,0.00
10000,all,P2PK,all,9457,9458,47598665000000,9456,9457,47598665000000,1.05
10000,all,P2PK,never_spent,9449,9450,47575509000000,9448,9449,47575509000000,1.05
10000,all,P2PKH,active,1,1,1000000,1,1,1000000,0.00
10000,all,P2PKH,all,6,37,2401335000000,1,1,1000000,0.01
10000,all,P2PKH,never_spent,5,36,2401334000000,0,0,0,0.01
10000,ge1,All,active,8,8,23156000000,8,8,23156000000,0.00
10000,ge1,All,all,9458,9490,49999995000000,9452,9453,47598661000000,1.06
10000,ge1,All,never_spent,9450,9482,49976839000000,9444,9445,47575505000000,1.06
10000,ge1,P2PK,active,8,8,23156000000,8,8,23156000000,0.00
10000,ge1,P2PK,all,9453,9454,47598661000000,9452,9453,47598661000000,1.05
10000,ge1,P2PK,never_spent,9445,9446,47575505000000,9444,9445,47575505000000,1.05
10000,ge1,P2PKH,all,5,36,2401334000000,0,0,0,0.01
10000,ge1,P2PKH,never_spent,5,36,2401334000000,0,0,0,0.01
10000,ge10,All,active,7,7,23056000000,7,7,23056000000,0.00
10000,ge10,All,all,9455,9487,49999595000000,9449,9450,47598261000000,1.06
10000,ge10,All,never_spent,9448,9480,49976539000000,9442,9443,47575205000000,1.06
10000,ge10,P2PK,active,7,7,23056000000,7,7,23056000000,0.00
10000,ge10,P2PK,all,9450,9451,47598261000000,9449,9450,47598261000000,1.05
10000,ge10,P2PK,never_spent,9443,9444,47575205000000,9442,9443,47575205000000,1.05
10000,ge10,P2PKH,all,5,36,2401334000000,0,0,0,0.01
10000,ge10,P2PKH,never_spent,5,36,2401334000000,0,0,0,0.01
10000,ge100,All,all,19,50,2854238000000,15,15,454804000000,0.01
10000,ge100,All,never_spent,19,50,2854238000000,15,15,454804000000,0.01
10000,ge100,P2PK,all,15,15,454804000000,15,15,454804000000,0.00
10000,ge100,P2PK,never_spent,15,15,454804000000,15,15,454804000000,0.00
10000,ge100,P2PKH,all,4,35,2399434000000,0,0,0,0.01
10000,ge100,P2PKH,never_spent,4,35,2399434000000,0,0,0,0.01
10000,ge1000,All,all,3,33,2387533000000,0,0,0,0.01
10000,ge1000,All,never_spent,3,33,2387533000000,0,0,0,0.01
10000,ge1000,P2PKH,all,3,33,2387533000000,0,0,0,0.01
10000,ge1000,P2PKH,never_spent,3,33,2387533000000,0,0,0,0.01
20000,all,All,active,19,19,55424000000,19,19,55424000000,0.00
20000,all,All,all,18973,19024,100000000000000,18957,18958,95290961000000,2.12
20000,all,All,never_spent,18954,19005,99944576000000,18938,18939,95235537000000,2.11
20000,all,P2PK,active,17,17,50423000000,17,17,50423000000,0.00
20000,all,P2PK,all,18956,18957,95285960000000,18955,18956,95285960000000,2.10
20000,all,P2PK,never_spent,18939,18940,95235537000000,18938,18939,95235537000000,2.10
20000,all,P2PKH,active,2,2,5001000000,2,2,5001000000,0.00
20000,all,P2PKH,all,17,67,4714040000000,2,2,5001000000,0.01
20000,all,P2PKH,never_spent,15,65,4709039000000,0,0,0,0.01
20000,ge1,All,active,18,18,55423000000,18,18,55423000000,0.00
20000,ge1,All,all,18963,19014,99999988000000,18949,18950,95290953000000,2.12
20000,ge1,All,never_spent,18945,18996,99944565000000,18931,18932,95235530000000,2.11
20000,ge1,P2PK,active,17,17,50423000000,17,17,50423000000,0.00
20000,ge1,P2PK,all,18949,18950,95285953000000,18948,18949,95285953000000,2.10
20000,ge1,P2PK,never_spent,18932,18933,95235530000000,18931,18932,95235530000000,2.10
20000,ge1,P2PKH,active,1,1,5000000000,1,1,5000000000,0.00
20000,ge1,P2PKH,all,14,64,4714035000000,1,1,5000000000,0.01
20000,ge1,P2PKH,never_spent,13,63,4709035000000,0,0,0,0.01
20000,ge10,All,active,16,16,55179000000,16,16,55179000000,0.00
20000,ge10,All,all,18959,19010,99999444000000,18945,18946,95290409000000,2.12
20000,ge10,All,never_spent,18943,18994,99944265000000,18929,18930,95235230000000,2.11
20000,ge10,P2PK,active,15,15,50179000000,15,15,50179000000,0.00
20000,ge10,P2PK,all,18945,18946,95285409000000,18944,18945,95285409000000,2.10
20000,ge10,P2PK,never_spent,18930,18931,95235230000000,18929,18930,95235230000000,2.10
20000,ge10,P2PKH,active,1,1,5000000000,1,1,5000000000,0.00
20000,ge10,P2PKH,all,14,64,4714035000000,1,1,5000000000,0.01
20000,ge10,P2PKH,never_spent,13,63,4709035000000,0,0,0,0.01
20000,ge100,All,all,23,70,5366588000000,16,16,679804000000,0.01
20000,ge100,All,never_spent,23,70,5366588000000,16,16,679804000000,0.01
20000,ge100,P2PK,all,16,16,679804000000,16,16,679804000000,0.00
20000,ge100,P2PK,never_spent,16,16,679804000000,16,16,679804000000,0.00
20000,ge100,P2PKH,all,7,54,4686784000000,0,0,0,0.01
20000,ge100,P2PKH,never_spent,7,54,4686784000000,0,0,0,0.01
20000,ge1000,All,all,4,47,4792533000000,1,1,225000000000,0.01
20000,ge1000,All,never_spent,4,47,4792533000000,1,1,225000000000,0.01
20000,ge1000,P2PK,all,1,1,225000000000,1,1,225000000000,0.00
20000,ge1000,P2PK,never_spent,1,1,225000000000,1,1,225000000000,0.00
20000,ge1000,P2PKH,all,3,46,4567533000000,0,0,0,0.01
20000,ge1000,P2PKH,never_spent,3,46,4567533000000,0,0,0,0.01
30000,all,All,active,24,27,711772000000,24,27,711772000000,0.00
30000,all,All,all,27347,27413,150000000000000,27323,27327,138784233000000,3.05
30000,all,All,never_spent,27323,27386,149288228000000,27299,27300,138072461000000,3.05
30000,all,P2PK,active,19,19,54770000000,19,19,54770000000,0.00
30000,all,P2PK,all,27319,27320,138127231000000,27318,27319,138127231000000,3.03
30000,all,P2PK,never_spent,27300,27301,138072461000000,27299,27300,138072461000000,3.03
30000,all,P2PKH,active,5,8,657002000000,5,8,657002000000,0.00
30000,all,P2PKH,all,28,93,11872769000000,5,8,657002000000,0.02
30000,all,P2PKH,never_spent,23,85,11215767000000,0,0,0,0.02
30000,ge1,All,active,23,26,711771000000,23,26,711771000000,0.00
30000,ge1,All,all,27338,27404,149999989000000,27315,27319,138784225000000,3.05
30000,ge1,All,never_spent,27315,27378,149288218000000,27292,27293,138072454000000,3.05
30000,ge1,P2PK,active,19,19,54770000000,19,19,54770000000,0.00
30000,ge1,P2PK,all,27312,27313,138127224000000,27311,27312,138127224000000,3.03
30000,ge1,P2PK,never_spent,27293,27294,138072454000000,27292,27293,138072454000000,3.03
30000,ge1,P2PKH,active,4,7,657001000000,4,7,657001000000,0.00
30000,ge1,P2PKH,all,26,91,11872765000000,4,7,657001000000,0.02
30000,ge1,P2PKH,never_spent,22,84,11215764000000,0,0,0,0.02
30000,ge10,All,active,20,23,710727000000,20,23,710727000000,0.00
30000,ge10,All,all,27328,27393,149997645000000,27308,27312,138782681000000,3.05
30000,ge10,All,never_spent,27308,27370,149286918000000,27288,27289,138071954000000,3.04
30000,ge10,P2PK,active,16,16,53726000000,16,16,53726000000,0.00
30000,ge10,P2PK,all,27305,27306,138125680000000,27304,27305,138125680000000,3.03
30000,ge10,P2PK,never_spent,27289,27290,138071954000000,27288,27289,138071954000000,3.03
30000,ge10,P2PKH,active,4,7,657001000000,4,7,657001000000,0.00
30000,ge10,P2PKH,all,23,87,11871965000000,4,7,657001000000,0.02
30000,ge10,P2PKH,never_spent,19,80,11214964000000,0,0,0,0.02
30000,ge100,All,active,2,5,650001000000,2,5,650001000000,0.00
30000,ge100,All,all,33,94,13580238000000,21,24,2388525000000,0.02
30000,ge100,All,never_spent,31,89,12930237000000,19,19,1738524000000,0.02
30000,ge100,P2PK,all,19,19,1738524000000,19,19,1738524000000,0.00
30000,ge100,P2PK,never_spent,19,19,1738524000000,19,19,1738524000000,0.00
30000,ge100,P2PKH,active,2,5,650001000000,2,5,650001000000,0.00
30000,ge100,P2PKH,all,14,75,11841714000000,2,5,650001000000,0.01
30000,ge100,P2PKH,never_spent,12,70,11191713000000,0,0,0,0.01
30000,ge1000,All,active,2,5,650001000000,2,5,650001000000,0.00
30000,ge1000,All,all,9,66,12762918000000,4,7,1875021000000,0.01
30000,ge1000,All,never_spent,7,61,12112917000000,2,2,1225020000000,0.01
30000,ge1000,P2PK,all,2,2,1225020000000,2,2,1225020000000,0.00
30000,ge1000,P2PK,never_spent,2,2,1225020000000,2,2,1225020000000,0.00
30000,ge1000,P2PKH,active,2,5,650001000000,2,5,650001000000,0.00
30000,ge1000,P2PKH,all,7,64,11537898000000,2,5,650001000000,0.01
30000,ge1000,P2PKH,never_spent,5,59,10887897000000,0,0,0,0.01
40000,all,All,active,24,29,2993424000000,24,29,2993424000000,0.00
40000,all,All,all,35259,35362,200000000000000,35219,35225,180547697000000,3.94
40000,all,All,inactive,8,8,18190000000,8,8,18190000000,0.00
40000,all,All,never_spent,35227,35325,196988386000000,35187,35188,177536083000000,3.93
40000,all,P2PK,active,15,15,53388000000,15,15,53388000000,0.00
40000,all,P2PK,all,35210,35211,177607660000000,35209,35210,177607660000000,3.91
40000,all,P2PK,inactive,7,7,18189000000,7,7,18189000000,0.00
40000,all,P2PK,never_spent,35188,35189,177536083000000,35187,35188,177536083000000,3.91
40000,all,P2PKH,active,9,14,2940036000000,9,14,2940036000000,0.00
40000,all,P2PKH,all,49,151,22392340000000,10,15,2940037000000,0.03
40000,all,P2PKH,inactive,1,1,1000000,1,1,1000000,0.00
40000,all,P2PKH,never_spent,39,136,19452303000000,0,0,0,0.03
40000,ge1,All,active,24,29,2993424000000,24,29,2993424000000,0.00
40000,ge1,All,all,35248,35351,199999840000000,35212,35218,180547690000000,3.94
40000,ge1,All,inactive,7,7,18189000000,7,7,18189000000,0.00
40000,ge1,All,never_spent,35217,35315,196988227000000,35181,35182,177536077000000,3.93
40000,ge1,P2PK,active,15,15,53388000000,15,15,53388000000,0.00
40000,ge1,P2PK,all,35204,35205,177607654000000,35203,35204,177607654000000,3.91
40000,ge1,P2PK,inactive,7,7,18189000000,7,7,18189000000,0.00
40000,ge1,P2PK,never_spent,35182,35183,177536077000000,35181,35182,177536077000000,3.91
40000,ge1,P2PKH,active,9,14,2940036000000,9,14,2940036000000,0.00
40000,ge1,P2PKH,all,44,146,22392186000000,9,14,2940036000000,0.03
40000,ge1,P2PKH,never_spent,35,132,19452150000000,0,0,0,0.03
40000,ge10,All,active,21,26,2992480000000,21,26,2992480000000,0.00
40000,ge10,All,all,35234,35336,199996896000000,35202,35208,180545646000000,3.93
40000,ge10,All,inactive,6,6,18089000000,6,6,18089000000,0.00
40000,ge10,All,never_spent,35207,35304,196986327000000,35175,35176,177535077000000,3.93
40000,ge10,P2PK,active,13,13,52544000000,13,13,52544000000,0.00
40000,ge10,P2PK,all,35195,35196,177605710000000,35194,35195,177605710000000,3.91
40000,ge10,P2PK,inactive,6,6,18089000000,6,6,18089000000,0.00
40000,ge10,P2PK,never_spent,35176,35177,177535077000000,35175,35176,177535077000000,3.90
40000,ge10,P2PKH,active,8,13,2939936000000,8,13,2939936000000,0.00
40000,ge10,P2PKH,all,39,140,22391186000000,8,13,2939936000000,0.03
40000,ge10,P2PKH,never_spent,31,127,19451250000000,0,0,0,0.02
40000,ge100,All,active,5,10,2930436000000,5,10,2930436000000,0.00
40000,ge100,All,all,47,147,24139459000000,26,31,4719060000000,0.03
40000,ge100,All,never_spent,42,137,21209023000000,21,21,1788624000000,0.02
40000,ge100,P2PK,all,21,21,1788624000000,21,21,1788624000000,0.00
40000,ge100,P2PK,never_spent,21,21,1788624000000,21,21,1788624000000,0.00
40000,ge100,P2PKH,active,5,10,2930436000000,5,10,2930436000000,0.00
40000,ge100,P2PKH,all,26,126,22350835000000,5,10,2930436000000,0.02
40000,ge100,P2PKH,never_spent,21,116,19420399000000,0,0,0,0.02
40000,ge1000,All,active,4,9,2860436000000,4,9,2860436000000,0.00
40000,ge1000,All,all,17,108,23184672000000,6,11,4085456000000,0.02
40000,ge1000,All,never_spent,13,99,20324236000000,2,2,1225020000000,0.02
40000,ge1000,P2PK,all,2,2,1225020000000,2,2,1225020000000,0.00
40000,ge1000,P2PK,never_spent,2,2,1225020000000,2,2,1225020000000,0.00
40000,ge1000,P2PKH,active,4,9,2860436000000,4,9,2860436000000,0.00
40000,ge1000,P2PKH,all,15,106,21959652000000,4,9,2860436000000,0.02
40000,ge1000,P2PKH,never_spent,11,97,19099216000000,0,0,0,0.02
60000,all,All,active,91,1735,25307534000000,91,1735,25307534000000,0.33
60000,all,All,all,45081,47003,300000000000000,44878,46524,255944710000000,5.40
60000,all,All,inactive,13,13,32573000000,13,13,32573000000,0.00
60000,all,All,never_spent,44977,45255,274659893000000,44774,44776,230604603000000,5.06
60000,all,P2PK,active,11,11,39043000000,11,11,39043000000,0.00
60000,all,P2PK,all,44797,44799,230671218000000,44796,44798,230671218000000,4.97
60000,all,P2PK,inactive,11,11,27572000000,11,11,27572000000,0.00
60000,all,P2PK,never_spent,44775,44777,230604603000000,44774,44776,230604603000000,4.97
60000,all,P2PKH,active,80,1724,25268491000000,80,1724,25268491000000,0.33
60000,all,P2PKH,all,284,2204,69328782000000,82,1726,25273492000000,0.42
60000,all,P2PKH,inactive,2,2,5001000000,2,2,5001000000,0.00
60000,all,P2PKH,never_spent,202,478,44055290000000,0,0,0,0.09
60000,ge1,All,active,84,1723,25307473000000,84,1723,25307473000000,0.33
60000,ge1,All,all,45041,46957,299999285000000,44848,46489,255944322000000,5.39
60000,ge1,All,inactive,12,12,32572000000,12,12,32572000000,0.00
60000,ge1,All,never_spent,44945,45222,274659240000000,44752,44754,230604277000000,5.06
60000,ge1,P2PK,active,11,11,39043000000,11,11,39043000000,0.00
60000,ge1,P2PK,all,44775,44777,230670892000000,44774,44776,230670892000000,4.97
60000,ge1,P2PK,inactive,11,11,27572000000,11,11,27572000000,0.00
60000,ge1,P2PK,never_spent,44753,44755,230604277000000,44752,44754,230604277000000,4.97
60000,ge1,P2PKH,active,73,1712,25268430000000,73,1712,25268430000000,0.33
60000,ge1,P2PKH,all,266,2180,69328393000000,74,1713,25273430000000,0.42
60000,ge1,P2PKH,inactive,1,1,5000000000,1,1,5000000000,0.00
60000,ge1,P2PKH,never_spent,192,467,44054963000000,0,0,0,0.09
60000,ge10,All,active,76,1710,25304719000000,76,1710,25304719000000,0.33
60000,ge10,All,all,44987,46894,299980534000000,44821,46457,255934628000000,5.38
60000,ge10,All,inactive,10,10,32328000000,10,10,32328000000,0.00
60000,ge10,All,never_spent,44901,45174,274643487000000,44735,44737,230597581000000,5.05
60000,ge10,P2PK,active,9,9,37969000000,9,9,37969000000,0.00
60000,ge10,P2PK,all,44754,44756,230662878000000,44753,44755,230662878000000,4.97
60000,ge10,P2PK,inactive,9,9,27328000000,9,9,27328000000,0.00
60000,ge10,P2PK,never_spent,44736,44738,230597581000000,44735,44737,230597581000000,4.97
60000,ge10,P2PKH,active,67,1701,25266750000000,67,1701,25266750000000,0.33
60000,ge10,P2PKH,all,233,2138,69317656000000,68,1702,25271750000000,0.41
60000,ge10,P2PKH,inactive,1,1,5000000000,1,1,5000000000,0.00
60000,ge10,P2PKH,never_spent,165,436,44045906000000,0,0,0,0.08
60000,ge100,All,active,59,1678,25229010000000,59,1678,25229010000000,0.32
60000,ge100,All,all,223,2113,76311667000000,105,1725,32440617000000,0.40
60000,ge100,All,never_spent,164,435,51082657000000,46,47,7211607000000,0.08
60000,ge100,P2PK,all,46,47,7211607000000,46,47,7211607000000,0.01
60000,ge100,P2PK,never_spent,46,47,7211607000000,46,47,7211607000000,0.01
60000,ge100,P2PKH,active,59,1678,25229010000000,59,1678,25229010000000,0.32
60000,ge100,P2PKH,all,177,2066,69100060000000,59,1678,25229010000000,0.40
60000,ge100,P2PKH,never_spent,118,388,43871050000000,0,0,0,0.07
60000,ge1000,All,active,39,1626,24337142000000,39,1626,24337142000000,0.31
60000,ge1000,All,all,81,1911,71347528000000,47,1634,30472189000000,0.37
60000,ge1000,All,never_spent,42,285,47010386000000,8,8,6135047000000,0.05
60000,ge1000,P2PK,all,8,8,6135047000000,8,8,6135047000000,0.00
60000,ge1000,P2PK,never_spent,8,8,6135047000000,8,8,6135047000000,0.00
60000,ge1000,P2PKH,active,39,1626,24337142000000,39,1626,24337142000000,0.31
60000,ge1000,P2PKH,all,73,1903,65212481000000,39,1626,24337142000000,0.37
60000,ge1000,P2PKH,never_spent,34,277,40875339000000,0,0,0,0.05
70000,all,All,active,286,4887,41750284000000,286,4887,41750284000000,0.94
70000,all,All,all,52898,58489,350000000000000,49272,53875,289107842000000,7.26
70000,all,All,inactive,14,14,36573000000,14,14,36573000000,0.00
70000,all,All,never_spent,52598,53588,308213143000000,48972,48974,247320985000000,6.32
70000,all,P2PK,active,10,10,32743000000,10,10,32743000000,0.00
70000,all,P2PK,all,48995,48997,247385300000000,48994,48996,247385300000000,5.44
70000,all,P2PK,inactive,12,12,31572000000,12,12,31572000000,0.00
70000,all,P2PK,never_spent,48973,48975,247320985000000,48972,48974,247320985000000,5.44
70000,all,P2PKH,active,276,4877,41717541000000,276,4877,41717541000000,0.94
70000,all,P2PKH,all,3903,9492,102614700000000,278,4879,41722542000000,1.82
70000,all,P2PKH,inactive,2,2,5001000000,2,2,5001000000,0.00
70000,all,P2PKH,never_spent,3625,4613,60892158000000,0,0,0,0.89
70000,ge1,All,active,216,4788,41749722000000,216,4788,41749722000000,0.92
70000,ge1,All,all,51582,57019,349990934000000,49145,53719,289106565000000,6.98
70000,ge1,All,inactive,13,13,36572000000,13,13,36572000000,0.00
70000,ge1,All,never_spent,51353,52218,308204640000000,48916,48918,247320271000000,6.06
70000,ge1,P2PK,active,10,10,32743000000,10,10,32743000000,0.00
70000,ge1,P2PK,all,48939,48941,247384586000000,48938,48940,247384586000000,5.43
70000,ge1,P2PK,inactive,12,12,31572000000,12,12,31572000000,0.00
70000,ge1,P2PK,never_spent,48917,48919,247320271000000,48916,48918,247320271000000,5.43
70000,ge1,P2PKH,active,206,4778,41716979000000,206,4778,41716979000000,0.92
70000,ge1,P2PKH,all,2643,8078,102606348000000,207,4779,41721979000000,1.55
70000,ge1,P2PKH,inactive,1,1,5000000000,1,1,5000000000,0.00
70000,ge1,P2PKH,never_spent,2436,3299,60884369000000,0,0,0,0.63
70000,ge10,All,active,163,4700,41729404000000,163,4700,41729404000000,0.90
70000,ge10,All,all,49823,55107,349166870000000,49038,53577,289068316000000,6.62
70000,ge10,All,inactive,11,11,36328000000,11,11,36328000000,0.00
70000,ge10,All,never_spent,49649,50396,307401138000000,48864,48866,247302584000000,5.72
70000,ge10,P2PK,active,7,7,31469000000,7,7,31469000000,0.00
70000,ge10,P2PK,all,48882,48884,247365381000000,48881,48883,247365381000000,5.43
70000,ge10,P2PK,inactive,10,10,31328000000,10,10,31328000000,0.00
70000,ge10,P2PK,never_spent,48865,48867,247302584000000,48864,48866,247302584000000,5.42
70000,ge10,P2PKH,active,156,4693,41697935000000,156,4693,41697935000000,0.90
70000,ge10,P2PKH,all,941,6223,101801489000000,157,4694,41702935000000,1.19
70000,ge10,P2PKH,inactive,1,1,5000000000,1,1,5000000000,0.00
70000,ge10,P2PKH,never_spent,784,1529,60098554000000,0,0,0,0.29
70000,ge100,All,active,105,1000,41514945000000,105,1000,41514945000000,0.19
70000,ge100,All,all,548,2016,103571260000000,228,1124,45196810000000,0.38
70000,ge100,All,never_spent,443,1016,62056315000000,123,124,3681865000000,0.19
70000,ge100,P2PK,all,123,124,3681865000000,123,124,3681865000000,0.01
70000,ge100,P2PK,never_spent,123,124,3681865000000,123,124,3681865000000,0.01
70000,ge100,P2PKH,active,105,1000,41514945000000,105,1000,41514945000000,0.19
70000,ge100,P2PKH,all,425,1892,99889395000000,105,1000,41514945000000,0.36
70000,ge100,P2PKH,never_spent,320,892,58374450000000,0,0,0,0.17
70000,ge1000,All,active,53,845,39824601000000,53,845,39824601000000,0.16
70000,ge1000,All,all,125,1187,92422610000000,57,849,40936242000000,0.23
70000,ge1000,All,never_spent,72,342,52598009000000,4,4,1111641000000,0.07
70000,ge1000,P2PK,all,4,4,1111641000000,4,4,1111641000000,0.00
70000,ge1000,P2PK,never_spent,4,4,1111641000000,4,4,1111641000000,0.00
70000,ge1000,P2PKH,active,53,845,39824601000000,53,845,39824601000000,0.16
70000,ge1000,P2PKH,all,121,1183,91310969000000,53,845,39824601000000,0.23
70000,ge1000,P2PKH,never_spent,68,338,51486368000000,0,0,0,0.06
80000,all,All,active,481,2248,50850604000040,481,2248,50850604000040,0.43
80000,all,All,all,57170,60334,400000000000000,51679,53448,308835632960462,7.44
80000,all,All,inactive,15,15,41073000000,15,15,41073000000,0.00
80000,all,All,never_spent,56674,58071,349108322999960,51183,51185,257943955960422,7.00
80000,all,P2PK,active,10,10,33243000000,10,10,33243000000,0.00
80000,all,P2PK,all,51207,51209,258013270960422,51206,51208,258013270960422,5.68
80000,all,P2PK,inactive,13,13,36072000000,13,13,36072000000,0.00
80000,all,P2PK,never_spent,51184,51186,257943955960422,51183,51185,257943955960422,5.68
80000,all,P2PKH,active,471,2238,50817361000040,471,2238,50817361000040,0.43
80000,all,P2PKH,all,5962,9122,141986726039578,473,2240,50822362000040,1.75
80000,all,P2PKH,inactive,2,2,5001000000,2,2,5001000000,0.00
80000,all,P2PKH,never_spent,5489,6882,91164364039538,0,0,0,1.32
80000,ge1,All,active,341,2034,50848352000040,341,2034,50848352000040,0.39
80000,ge1,All,all,54466,57380,399971162960462,51469,53164,308832498960462,6.87
80000,ge1,All,inactive,14,14,41072000000,14,14,41072000000,0.00
80000,ge1,All,never_spent,54111,55332,349081738960422,51114,51116,257943074960422,6.48
80000,ge1,P2PK,active,10,10,33243000000,10,10,33243000000,0.00
80000,ge1,P2PK,all,51138,51140,258012389960422,51137,51139,258012389960422,5.68
80000,ge1,P2PK,inactive,13,13,36072000000,13,13,36072000000,0.00
80000,ge1,P2PK,never_spent,51115,51117,257943074960422,51114,51116,257943074960422,5.67
80000,ge1,P2PKH,active,331,2024,50815109000040,331,2024,50815109000040,0.39
80000,ge1,P2PKH,all,3328,6240,141958773000040,332,2025,50820109000040,1.20
80000,ge1,P2PKH,inactive,1,1,5000000000,1,1,5000000000,0.00
80000,ge1,P2PKH,never_spent,2996,4215,91138664000000,0,0,0,0.81
80000,ge10,All,active,259,1732,50821063000040,259,1732,50821063000040,0.33
80000,ge10,All,all,52660,55143,399147127960462,51337,52812,308787897960462,6.45
80000,ge10,All,inactive,12,12,40828000000,12,12,40828000000,0.00
80000,ge10,All,never_spent,52389,53399,348285236960422,51066,51068,257926006960422,6.12
80000,ge10,P2PK,active,7,7,31969000000,7,7,31969000000,0.00
80000,ge10,P2PK,all,51085,51087,257993803960422,51084,51086,257993803960422,5.67
80000,ge10,P2PK,inactive,11,11,35828000000,11,11,35828000000,0.00
80000,ge10,P2PK,never_spent,51067,51069,257926006960422,51066,51068,257926006960422,5.67
80000,ge10,P2PKH,active,252,1725,50789094000040,252,1725,50789094000040,0.33
80000,ge10,P2PKH,all,1575,4056,141153324000040,253,1726,50794094000040,0.78
80000,ge10,P2PKH,inactive,1,1,5000000000,1,1,5000000000,0.00
80000,ge10,P2PKH,never_spent,1322,2330,90359230000000,0,0,0,0.45
80000,ge100,All,active,168,1459,50520872000040,168,1459,50520872000040,0.28
80000,ge100,All,all,841,2910,141142477000040,308,1600,53883676000040,0.55
80000,ge100,All,never_spent,673,1451,90621605000000,140,141,3362804000000,0.27
80000,ge100,P2PK,all,140,141,3362804000000,140,141,3362804000000,0.02
80000,ge100,P2PK,never_spent,140,141,3362804000000,140,141,3362804000000,0.02
80000,ge100,P2PKH,active,168,1459,50520872000040,168,1459,50520872000040,0.28
80000,ge100,P2PKH,all,701,2769,137779673000040,168,1459,50520872000040,0.53
80000,ge100,P2PKH,never_spent,533,1310,87258801000000,0,0,0,0.25
80000,ge1000,All,active,72,1024,47461608000040,72,1024,47461608000040,0.20
80000,ge1000,All,all,222,1528,124882942000040,74,1026,48009925000040,0.29
80000,ge1000,All,never_spent,150,504,77421334000000,2,2,548317000000,0.10
80000,ge1000,P2PK,all,2,2,548317000000,2,2,548317000000,0.00
80000,ge1000,P2PK,never_spent,2,2,548317000000,2,2,548317000000,0.00
80000,ge1000,P2PKH,active,72,1024,47461608000040,72,1024,47461608000040,0.20
80000,ge1000,P2PKH,all,220,1526,124334625000040,72,1024,47461608000040,0.29
80000,ge1000,P2PKH,never_spent,148,502,76873017000000,0,0,0,0.10
90000,all,All,active,619,3237,66073175036128,619,3237,66073175036128,0.62
90000,all,All,all,58833,63215,450000000000000,51968,54588,324747243812902,7.98
90000,all,All,inactive,15,15,41073000000,15,15,41073000000,0.00
90000,all,All,never_spent,58199,59963,383885751963872,51334,51336,258632995776774,7.35
90000,all,P2PK,active,12,12,34653000000,12,12,34653000000,0.00
90000,all,P2PK,all,51360,51362,258703720776774,51359,51361,258703720776774,5.70
90000,all,P2PK,inactive,13,13,36072000000,13,13,36072000000,0.00
90000,all,P2PK,never_spent,51335,51337,258632995776774,51334,51336,258632995776774,5.70
90000,all,P2PKH,active,607,3225,66038522036128,607,3225,66038522036128,0.62
90000,all,P2PKH,all,7472,11850,191296276223226,609,3227,66043523036128,2.28
90000,all,P2PKH,inactive,2,2,5001000000,2,2,5001000000,0.00
90000,all,P2PKH,never_spent,6863,8623,125252753187098,0,0,0,1.66
90000,ge1,All,active,418,2917,66069055036128,418,2917,66069055036128,0.56
90000,ge1,All,all,55034,59096,449928814813011,51682,54182,324742138812902,7.19
90000,ge1,All,inactive,14,14,41072000000,14,14,41072000000,0.00
90000,ge1,All,never_spent,54602,56165,383818687776883,51250,51251,258632011776774,6.63
90000,ge1,P2PK,active,11,11,34652000000,11,11,34652000000,0.00
90000,ge1,P2PK,all,51275,51276,258702735776774,51274,51275,258702735776774,5.69
90000,ge1,P2PK,inactive,13,13,36072000000,13,13,36072000000,0.00
90000,ge1,P2PK,never_spent,51251,51252,258632011776774,51250,51251,258632011776774,5.69
90000,ge1,P2PKH,active,407,2906,66034403036128,407,2906,66034403036128,0.56
90000,ge1,P2PKH,all,3759,7820,191226079036237,408,2907,66039403036128,1.50
90000,ge1,P2PKH,inactive,1,1,5000000000,1,1,5000000000,0.00
90000,ge1,P2PKH,never_spent,3351,4913,125186676000109,0,0,0,0.94
90000,ge10,All,active,299,2539,66031525000040,299,2539,66031525000040,0.49
90000,ge10,All,all,53116,56612,449077436776923,51515,53756,324687289776814,6.72
90000,ge10,All,inactive,12,12,40828000000,12,12,40828000000,0.00
90000,ge10,All,never_spent,52805,54061,383005083776883,51204,51205,258614936776774,6.23
90000,ge10,P2PK,active,8,8,33378000000,8,8,33378000000,0.00
90000,ge10,P2PK,all,51224,51225,258684142776774,51223,51224,258684142776774,5.69
90000,ge10,P2PK,inactive,11,11,35828000000,11,11,35828000000,0.00
90000,ge10,P2PK,never_spent,51205,51206,258614936776774,51204,51205,258614936776774,5.68
90000,ge10,P2PKH,active,291,2531,65998147000040,291,2531,65998147000040,0.49
90000,ge10,P2PKH,all,1892,5387,190393294000149,292,2532,66003147000040,1.03
90000,ge10,P2PKH,inactive,1,1,5000000000,1,1,5000000000,0.00
90000,ge10,P2PKH,never_spent,1600,2855,124390147000109,0,0,0,0.55
90000,ge100,All,active,188,2069,65659258000040,188,2069,65659258000040,0.40
90000,ge100,All,all,1013,3877,189737376000040,331,2213,69052062000040,0.73
90000,ge100,All,never_spent,825,1808,124078118000000,143,144,3392804000000,0.34
90000,ge100,P2PK,all,143,144,3392804000000,143,144,3392804000000,0.02
90000,ge100,P2PK,never_spent,143,144,3392804000000,143,144,3392804000000,0.02
90000,ge100,P2PKH,active,188,2069,65659258000040,188,2069,65659258000040,0.40
90000,ge100,P2PKH,all,870,3733,186344572000040,188,2069,65659258000040,0.72
90000,ge100,P2PKH,never_spent,682,1664,120685314000000,0,0,0,0.32
90000,ge1000,All,active,80,1280,62365453000000,80,1280,62365453000000,0.25
90000,ge1000,All,all,274,1910,170514293000000,82,1282,62913770000000,0.37
90000,ge1000,All,never_spent,194,630,108148840000000,2,2,548317000000,0.12
90000,ge1000,P2PK,all,2,2,548317000000,2,2,548317000000,0.00
90000,ge1000,P2PK,never_spent,2,2,548317000000,2,2,548317000000,0.00
90000,ge1000,P2PKH,active,80,1280,62365453000000,80,1280,62365453000000,0.25
90000,ge1000,P2PKH,all,272,1908,169965976000000,80,1280,62365453000000,0.37
90000,ge1000,P2PKH,never_spent,192,628,107600523000000,0,0,0,0.12
110000,all,All,active,1643,12448,100822106963167,1643,12448,100822106963167,2.39
110000,all,All,all,76513,98718,550000000000000,54702,65526,369565526318753,14.65
110000,all,All,inactive,26,32,1578958000000,26,32,1578958000000,0.00
110000,all,All,never_spent,74844,86238,447598935036833,53033,53046,267164461355586,12.26
110000,all,P2PK,active,14,14,46468000000,14,14,46468000000,0.00
110000,all,P2PK,all,53064,53077,267266414163063,53063,53076,267266414163063,5.89
110000,all,P2PK,inactive,18,18,55578000000,18,18,55578000000,0.00
110000,all,P2PK,never_spent,53032,53045,267164368163063,53031,53044,267164368163063,5.89
110000,all,P2PKH,active,1629,12434,100775638963167,1629,12434,100775638963167,2.39
110000,all,P2PKH,all,23448,45638,282733582836937,1639,12450,102299112155690,8.76
110000,all,P2PKH,inactive,8,14,1523380000000,8,14,1523380000000,0.00
110000,all,P2PKH,never_spent,21811,33190,180434563873770,2,2,93192523,6.37
110000,ge1,All,active,960,11169,100810011447382,960,11169,100810011447382,2.14
110000,ge1,All,all,59456,79252,549813256856160,53935,64162,369552371610357,10.92
110000,ge1,All,inactive,25,31,1578957000000,25,31,1578957000000,0.00
110000,ge1,All,never_spent,58471,68052,447424288408778,52950,52962,267163403162975,8.78
110000,ge1,P2PK,active,12,12,46428000000,12,12,46428000000,0.00
110000,ge1,P2PK,all,52981,52993,267265409162975,52980,52992,267265409162975,5.88
110000,ge1,P2PK,inactive,18,18,55578000000,18,18,55578000000,0.00
110000,ge1,P2PK,never_spent,52951,52963,267163403162975,52950,52962,267163403162975,5.88
110000,ge1,P2PKH,active,948,11157,100763583447382,948,11157,100763583447382,2.14
110000,ge1,P2PKH,all,6475,26259,282547847693185,955,11170,102286962447382,5.04
110000,ge1,P2PKH,inactive,7,13,1523379000000,7,13,1523379000000,0.00
110000,ge1,P2PKH,never_spent,5520,15089,180260885245803,0,0,0,2.90
110000,ge10,All,active,666,9173,100718311668783,666,9173,100718311668783,1.76
110000,ge10,All,all,56436,72125,548615638946972,53595,62120,369444330831758,9.56
110000,ge10,All,inactive,21,27,1577913000000,21,27,1577913000000,0.00
110000,ge10,All,never_spent,55749,62925,446319414278189,52908,52920,267148106162975,7.79
110000,ge10,P2PK,active,11,11,46228000000,11,11,46228000000,0.00
110000,ge10,P2PK,all,52935,52947,267248968162975,52934,52946,267248968162975,5.88
110000,ge10,P2PK,inactive,15,15,54634000000,15,15,54634000000,0.00
110000,ge10,P2PK,never_spent,52909,52921,267148106162975,52908,52920,267148106162975,5.87
110000,ge10,P2PKH,active,655,9162,100672083668783,655,9162,100672083668783,1.76
110000,ge10,P2PKH,all,3501,19178,281366670783997,661,9174,102195362668783,3.68
110000,ge10,P2PKH,inactive,6,12,1523279000000,6,12,1523279000000,0.00
110000,ge10,P2PKH,never_spent,2840,10004,179171308115214,0,0,0,1.92
110000,ge100,All,active,340,5547,99477415785759,340,5547,99477415785759,1.07
110000,ge100,All,all,1534,10198,277020598268344,494,5719,104415981785759,1.94
110000,ge100,All,inactive,4,10,1516279000000,4,10,1516279000000,0.00
110000,ge100,All,never_spent,1190,4641,176026903482585,150,162,3422287000000,0.88
110000,ge100,P2PK,all,150,162,3422287000000,150,162,3422287000000,0.02
110000,ge100,P2PK,never_spent,150,162,3422287000000,150,162,3422287000000,0.02
110000,ge100,P2PKH,active,340,5547,99477415785759,340,5547,99477415785759,1.07
110000,ge100,P2PKH,all,1384,10036,273598311268344,344,5557,100993694785759,1.93
110000,ge100,P2PKH,inactive,4,10,1516279000000,4,10,1516279000000,0.00
110000,ge100,P2PKH,never_spent,1040,4479,172604616482585,0,0,0,0.86
110000,ge1000,All,active,116,2303,92448991000000,116,2303,92448991000000,0.44
110000,ge1000,All,all,382,3013,245722343000000,121,2313,94443582000000,0.58
110000,ge1000,All,inactive,3,8,1446274000000,3,8,1446274000000,0.00
110000,ge1000,All,never_spent,263,702,151827078000000,2,2,548317000000,0.13
110000,ge1000,P2PK,all,2,2,548317000000,2,2,548317000000,0.00
110000,ge1000,P2PK,never_spent,2,2,548317000000,2,2,548317000000,0.00
110000,ge1000,P2PKH,active,116,2303,92448991000000,116,2303,92448991000000,0.44
110000,ge1000,P2PKH,all,380,3011,245174026000000,119,2311,93895265000000,0.58
110000,ge1000,P2PKH,inactive,3,8,1446274000000,3,8,1446274000000,0.00
110000,ge1000,P2PKH,never_spent,261,700,151278761000000,0,0,0,0.13
120000,all,All,active,3396,31018,88566687956278,3396,31018,88566687956278,5.95
120000,all,All,all,96613,150736,600000000000000,56115,83785,355103005109115,24.67
120000,all,All,inactive,28,37,1142913000000,28,37,1142913000000,0.01
120000,all,All,never_spent,93189,119681,510290399043722,52691,52730,265393404152837,18.71
120000,all,P2PK,active,17,17,66630000000,17,17,66630000000,0.00
120000,all,P2PK,all,52723,52734,265515695960314,52722,52733,265515695960314,5.85
120000,all,P2PK,inactive,18,18,59097000000,18,18,59097000000,0.00
120000,all,P2PK,never_spent,52688,52699,265389968960314,52687,52698,265389968960314,5.85
120000,all,P2PKH,active,3379,31001,88500057956278,3379,31001,88500057956278,5.95
120000,all,P2PKH,all,43889,97999,334484301039686,3393,31052,89587309148801,18.82
120000,all,P2PKH,inactive,10,19,1083816000000,10,19,1083816000000,0.00
120000,all,P2PKH,never_spent,40500,66979,244900427083408,4,32,3435192523,12.86
120000,ge1,All,active,1986,28181,88541775919083,1986,28181,88541775919083,5.41
120000,ge1,All,all,63887,111987,599684820673261,54619,80861,355077175879309,17.24
120000,ge1,All,inactive,27,36,1142912000000,27,36,1142912000000,0.01
120000,ge1,All,never_spent,61874,83770,510000132754178,52606,52644,265392487960226,11.82
120000,ge1,P2PK,active,15,15,66609000000,15,15,66609000000,0.00
120000,ge1,P2PK,all,52638,52648,265514851960226,52637,52647,265514851960226,5.84
120000,ge1,P2PK,inactive,18,18,59097000000,18,18,59097000000,0.00
120000,ge1,P2PK,never_spent,52605,52615,265389145960226,52604,52614,265389145960226,5.84
120000,ge1,P2PKH,active,1971,28166,88475166919083,1971,28166,88475166919083,5.41
120000,ge1,P2PKH,all,11249,59339,334169968713035,1982,28214,89562323919083,11.39
120000,ge1,P2PKH,inactive,9,18,1083815000000,9,18,1083815000000,0.00
120000,ge1,P2PKH,never_spent,9269,31155,244610986793952,2,30,3342000000,5.98
120000,ge10,All,active,1230,22916,88279822432939,1230,22916,88279822432939,4.40
120000,ge10,All,all,58717,95011,597729022247147,53815,75548,354798069393165,13.98
120000,ge10,All,inactive,24,33,1142012000000,24,33,1142012000000,0.01
120000,ge10,All,never_spent,57463,72062,508307187814208,52561,52599,265376234960226,9.58
120000,ge10,P2PK,active,14,14,66409000000,14,14,66409000000,0.00
120000,ge10,P2PK,all,52590,52600,265497598960226,52589,52599,265497598960226,5.84
120000,ge10,P2PK,inactive,16,16,58297000000,16,16,58297000000,0.00
120000,ge10,P2PK,never_spent,52560,52570,265372892960226,52559,52569,265372892960226,5.84
120000,ge10,P2PKH,active,1216,22902,88213413432939,1216,22902,88213413432939,4.40
120000,ge10,P2PKH,all,6127,42411,332231423286921,1226,22949,89300470432939,8.14
120000,ge10,P2PKH,inactive,8,17,1083715000000,8,17,1083715000000,0.00
120000,ge10,P2PKH,never_spent,4903,19492,242934294853982,2,30,3342000000,3.74
120000,ge100,All,active,474,12579,85640743976150,474,12579,85640743976150,2.42
120000,ge100,All,all,2167,19578,321211986576081,626,12750,90095604876081,3.75
120000,ge100,All,inactive,5,14,1075715000000,5,14,1075715000000,0.00
120000,ge100,All,never_spent,1688,6985,234495527599931,147,157,3379145899931,1.33
120000,ge100,P2PK,all,147,157,3379145899931,147,157,3379145899931,0.02
120000,ge100,P2PK,never_spent,147,157,3379145899931,147,157,3379145899931,0.02
120000,ge100,P2PKH,active,474,12579,85640743976150,474,12579,85640743976150,2.42
120000,ge100,P2PKH,all,2020,19421,317832840676150,479,12593,86716458976150,3.73
120000,ge100,P2PKH,inactive,5,14,1075715000000,5,14,1075715000000,0.00
120000,ge100,P2PKH,never_spent,1541,6828,231116381700000,0,0,0,1.31
120000,ge1000,All,active,137,4693,74888228424904,137,4693,74888228424904,0.90
120000,ge1000,All,all,512,5735,274228861424904,142,4703,76477160424904,1.10
120000,ge1000,All,inactive,3,8,1040615000000,3,8,1040615000000,0.00
120000,ge1000,All,never_spent,372,1034,198300018000000,2,2,548317000000,0.20
120000,ge1000,P2PK,all,2,2,548317000000,2,2,548317000000,0.00
120000,ge1000,P2PK,never_spent,2,2,548317000000,2,2,548317000000,0.00
120000,ge1000,P2PKH,active,137,4693,74888228424904,137,4693,74888228424904,0.90
120000,ge1000,P2PKH,all,510,5733,273680544424904,140,4701,75928843424904,1.10
120000,ge1000,P2PKH,inactive,3,8,1040615000000,3,8,1040615000000,0.00
120000,ge1000,P2PKH,never_spent,370,1032,197751701000000,0,0,0,0.20
130000,all,All,active,9367,60752,112301624059857,9366,60745,112301321888408,11.66
130000,all,All,all,146551,268836,649999998999999,58332,109768,358607328385331,47.65
130000,all,All,inactive,30,45,262806000000,30,45,262806000000,0.01
130000,all,All,never_spent,137154,208039,537435568940142,48936,48978,246043200496923,35.98
130000,all,P2PK,active,23,24,94755000100,23,24,94755000100,0.00
130000,all,P2PK,all,48964,48979,246180288304500,48963,48978,246180288304500,5.44
130000,all,P2PK,inactive,14,14,47944000000,14,14,47944000000,0.00
130000,all,P2PK,never_spent,48927,48941,246037589304400,48926,48940,246037589304400,5.43
130000,all,P2PKH,active,9343,60721,112206566888308,9343,60721,112206566888308,11.66
130000,all,P2PKH,all,97586,219850,403819408524050,9369,60790,112427040080831,42.21
130000,all,P2PKH,inactive,16,31,214862000000,16,31,214862000000,0.01
130000,all,P2PKH,never_spent,88227,159098,291397979635742,10,38,5611192523,30.55
130000,ge1,All,active,5361,51178,112205945982520,5360,51171,112205643811071,9.82
130000,ge1,All,all,76387,171865,649267034046700,54198,100054,358510675213519,29.04
130000,ge1,All,inactive,26,37,262761000000,26,37,262761000000,0.01
130000,ge1,All,never_spent,71000,120650,536798327064180,48812,48846,246042270402448,19.21
130000,ge1,P2PK,active,22,23,94754000100,22,23,94754000100,0.00
130000,ge1,P2PK,all,48845,48859,246179519402548,48844,48858,246179519402548,5.42
130000,ge1,P2PK,inactive,14,14,47944000000,14,14,47944000000,0.00
130000,ge1,P2PK,never_spent,48809,48822,246036821402448,48808,48821,246036821402448,5.42
130000,ge1,P2PKH,active,5338,51148,112110889810971,5338,51148,112110889810971,9.82
130000,ge1,P2PKH,all,27541,122999,403087212472703,5354,51196,112331155810971,23.62
130000,ge1,P2PKH,inactive,12,23,214817000000,12,23,214817000000,0.00
130000,ge1,P2PKH,never_spent,22191,71828,290761505661732,4,25,5449000000,13.79
130000,ge10,All,active,2191,35296,111172454874596,2191,35296,111172454874596,6.78
130000,ge10,All,all,61076,117856,644205636390860,50986,84130,357462679594734,18.67
130000,ge10,All,inactive,22,27,261444000000,22,27,261444000000,0.00
130000,ge10,All,never_spent,58863,82533,532771737516264,48773,48807,246028780720138,11.89
130000,ge10,P2PK,active,20,21,93991000100,20,21,93991000100,0.00
130000,ge10,P2PK,all,48804,48818,246165073720238,48803,48817,246165073720238,5.42
130000,ge10,P2PK,inactive,13,13,47244000000,13,13,47244000000,0.00
130000,ge10,P2PK,never_spent,48771,48784,246023838720138,48770,48783,246023838720138,5.42
130000,ge10,P2PKH,active,2171,35275,111078463874496,2171,35275,111078463874496,6.77
130000,ge10,P2PKH,all,12272,69038,398040562670622,2183,35313,111297605874496,13.26
130000,ge10,P2PKH,inactive,9,14,214200000000,9,14,214200000000,0.00
130000,ge10,P2PKH,never_spent,10092,33749,286747898796126,3,24,4942000000,6.48
130000,ge100,All,active,595,11637,106193571335463,595,11637,106193571335463,2.23
130000,ge100,All,all,3200,20719,373023650488489,718,11777,109211834235394,3.97
130000,ge100,All,inactive,4,8,200100000000,4,8,200100000000,0.00
130000,ge100,All,never_spent,2601,9074,266629979153026,119,132,2818162899931,1.73
130000,ge100,P2PK,active,1,2,10008000000,1,2,10008000000,0.00
130000,ge100,P2PK,all,120,134,2828170899931,120,134,2828170899931,0.01
130000,ge100,P2PK,never_spent,119,132,2818162899931,119,132,2818162899931,0.01
130000,ge100,P2PKH,active,594,11635,106183563335463,594,11635,106183563335463,2.23
130000,ge100,P2PKH,all,3080,20585,370195479588558,598,11643,106383663335463,3.95
130000,ge100,P2PKH,inactive,4,8,200100000000,4,8,200100000000,0.00
130000,ge100,P2PKH,never_spent,2482,8942,263811816253095,0,0,0,1.72
130000,ge1000,All,active,127,2285,92658414299263,127,2285,92658414299263,0.44
130000,ge1000,All,all,592,3616,305694821735125,130,2288,93311731299263,0.69
130000,ge1000,All,inactive,1,1,105000000000,1,1,105000000000,0.00
130000,ge1000,All,never_spent,464,1330,212931407435862,2,2,548317000000,0.26
130000,ge1000,P2PK,all,2,2,548317000000,2,2,548317000000,0.00
130000,ge1000,P2PK,never_spent,2,2,548317000000,2,2,548317000000,0.00
130000,ge1000,P2PKH,active,127,2285,92658414299263,127,2285,92658414299263,0.44
130000,ge1000,P2PKH,all,590,3614,305146504735125,128,2286,92763414299263,0.69
130000,ge1000,P2PKH,inactive,1,1,105000000000,1,1,105000000000,0.00
130000,ge1000,P2PKH,never_spent,462,1328,212383090435862,0,0,0,0.25
140000,all,All,active,20602,156591,75267761538904,20601,156585,75267459432991,30.06
140000,all,All,all,403849,752281,699999998999999,65826,201977,305387781605033,140.78
140000,all,All,inactive,136,254,4597774831616,136,254,4597774831616,0.05
140000,all,All,never_spent,383111,595436,620134462629479,45089,45138,225522547340426,110.67
140000,all,P2PK,active,18,18,115860000000,18,18,115860000000,0.00
140000,all,P2PK,all,45110,45124,225668371731144,45109,45123,225668371731144,5.01
140000,all,P2PK,inactive,12,12,37544000000,12,12,37544000000,0.00
140000,all,P2PK,never_spent,45080,45094,225514967731144,45079,45093,225514967731144,5.01
140000,all,P2PKH,active,20583,156567,75151599432991,20583,156567,75151599432991,30.06
140000,all,P2PKH,all,358738,707151,474331325162942,20717,156854,79719409873889,135.77
140000,all,P2PKH,inactive,124,242,4560230831616,124,242,4560230831616,0.05
140000,all,P2PKH,never_spent,338031,550342,394619494898335,10,45,7579609282,105.67
140000,ge1,All,active,11835,133530,75059417070710,11834,133524,75059114964797,25.64
140000,ge1,All,all,103298,380007,698629470162884,56807,178633,305177822809079,69.32
140000,ge1,All,inactive,75,173,4597331731616,75,173,4597331731616,0.03
140000,ge1,All,never_spent,91388,246304,618972721360558,44898,44936,225521376112666,43.65
140000,ge1,P2PK,active,17,17,115859000000,17,17,115859000000,0.00
140000,ge1,P2PK,all,44925,44938,225667319112666,44924,44937,225667319112666,4.99
140000,ge1,P2PK,inactive,12,12,37544000000,12,12,37544000000,0.00
140000,ge1,P2PK,never_spent,44896,44909,225513916112666,44895,44908,225513916112666,4.98
140000,ge1,P2PKH,active,11817,133507,74943255964797,11817,133507,74943255964797,25.63
140000,ge1,P2PKH,all,58372,335063,472961848944305,11883,133696,79510503696413,64.33
140000,ge1,P2PKH,inactive,63,161,4559787731616,63,161,4559787731616,0.03
140000,ge1,P2PKH,never_spent,46492,201395,393458805247892,3,28,7460000000,38.67
140000,ge10,All,active,4279,80466,72423316016761,4279,80466,72423316016761,15.45
140000,ge10,All,all,65452,205823,686083871477695,49193,125505,302520314324968,35.88
140000,ge10,All,inactive,52,139,4588259731616,52,139,4588259731616,0.03
140000,ge10,All,never_spent,61121,125218,609072295729318,44862,44900,225508738576591,20.41
140000,ge10,P2PK,active,16,16,115596000000,16,16,115596000000,0.00
140000,ge10,P2PK,all,44886,44899,225653518576591,44885,44898,225653518576591,4.98
140000,ge10,P2PK,inactive,10,10,36644000000,10,10,36644000000,0.00
140000,ge10,P2PK,never_spent,44860,44873,225501278576591,44859,44872,225501278576591,4.98
140000,ge10,P2PKH,active,4263,80450,72307720016761,4263,80450,72307720016761,15.45
140000,ge10,P2PKH,all,20566,160924,460430352901104,4308,80607,76866795748377,30.90
140000,ge10,P2PKH,inactive,42,129,4551615731616,42,129,4551615731616,0.02
140000,ge10,P2PKH,never_spent,16261,80345,383571017152727,3,28,7460000000,15.43
140000,ge100,All,active,700,16376,61678082933493,700,16376,61678082933493,3.14
140000,ge100,All,all,3998,28199,414175422238484,785,16533,67763560565040,5.41
140000,ge100,All,inactive,22,81,4492319731616,22,81,4492319731616,0.02
140000,ge100,All,never_spent,3276,11742,348005019573375,63,76,1593157899931,2.25
140000,ge100,P2PK,active,1,1,50000000000,1,1,50000000000,0.00
140000,ge100,P2PK,all,64,77,1643157899931,64,77,1643157899931,0.01
140000,ge100,P2PK,never_spent,63,76,1593157899931,63,76,1593157899931,0.01
140000,ge100,P2PKH,active,699,16375,61628082933493,699,16375,61628082933493,3.14
140000,ge100,P2PKH,all,3934,28122,412532264338553,721,16456,66120402665109,5.40
140000,ge100,P2PKH,inactive,22,81,4492319731616,22,81,4492319731616,0.02
140000,ge100,P2PKH,never_spent,3213,11666,346411861673444,0,0,0,2.24
140000,ge1000,All,active,110,1742,45911258808268,110,1742,45911258808268,0.33
140000,ge1000,All,all,622,3190,331887100381343,115,1751,50276775808268,0.61
140000,ge1000,All,inactive,4,8,4042200000000,4,8,4042200000000,0.00
140000,ge1000,All,never_spent,508,1440,281933641573075,1,1,323317000000,0.28
140000,ge1000,P2PK,all,1,1,323317000000,1,1,323317000000,0.00
140000,ge1000,P2PK,never_spent,1,1,323317000000,1,1,323317000000,0.00
140000,ge1000,P2PKH,active,110,1742,45911258808268,110,1742,45911258808268,0.33
140000,ge1000,P2PKH,all,621,3189,331563783381343,114,1750,49953458808268,0.61
140000,ge1000,P2PKH,inactive,4,8,4042200000000,4,8,4042200000000,0.00
140000,ge1000,P2PKH,never_spent,507,1439,281610324573075,0,0,0,0.28
160000,all,All,active,27931,351447,117780023678510,27930,351413,117518784168277,67.47
160000,all,All,all,568131,1265870,799999998999999,70102,394344,336004276058785,239.65
160000,all,All,inactive,355,1067,9756975484432,355,1067,9756975484432,0.20
160000,all,All,never_spent,539845,913356,672462999837057,41817,41864,208728516406076,171.98
160000,all,P2PK,active,18,38,189338470944,18,38,189338470944,0.00
160000,all,P2PK,all,41836,41885,208952261675035,41835,41884,208952261675035,4.65
160000,all,P2PK,inactive,14,14,38954000000,14,14,38954000000,0.00
160000,all,P2PK,never_spent,41804,41833,208723969204091,41803,41832,208723969204091,4.64
160000,all,P2PKH,active,27912,351375,117329445697333,27912,351375,117329445697333,67.46
160000,all,P2PKH,all,526294,1223951,590786497814731,28267,352460,127052014383750,235.00
160000,all,P2PKH,inactive,341,1053,9718021484432,341,1053,9718021484432,0.20
160000,all,P2PKH,never_spent,498041,871523,463739030632966,14,32,4547201985,167.33
160000,ge1,All,active,15700,245815,117537692108137,15699,245781,117276452597904,47.19
160000,ge1,All,all,118270,629461,798336892915543,57391,288098,335756922618017,117.49
160000,ge1,All,inactive,154,752,9754240839250,154,752,9754240839250,0.14
160000,ge1,All,never_spent,102416,382894,671044959968156,41538,41565,208726229180863,70.15
160000,ge1,P2PK,active,18,38,189338470944,18,38,189338470944,0.00
160000,ge1,P2PK,all,41568,41615,208950180346757,41567,41614,208950180346757,4.62
160000,ge1,P2PK,inactive,13,13,38953000000,13,13,38953000000,0.00
160000,ge1,P2PK,never_spent,41537,41564,208721888875813,41536,41563,208721888875813,4.61
160000,ge1,P2PKH,active,15681,245743,117087114126960,15681,245743,117087114126960,47.18
160000,ge1,P2PKH,all,76701,587812,589125473058553,15824,246484,126806742271260,112.86
160000,ge1,P2PKH,inactive,141,739,9715287839250,141,739,9715287839250,0.14
160000,ge1,P2PKH,never_spent,60879,341330,462323071092343,2,2,4340305050,65.54
160000,ge10,All,active,7312,174753,114527467193996,7311,174719,114266227683763,33.55
160000,ge10,All,all,71634,397056,784006843587153,48915,216722,332717942137114,72.87
160000,ge10,All,inactive,104,489,9739092234460,104,489,9739092234460,0.09
160000,ge10,All,never_spent,64218,221814,659740284158697,41500,41514,208712622218891,39.23
160000,ge10,P2PK,active,16,36,188585377618,16,36,188585377618,0.00
160000,ge10,P2PK,all,41527,41561,208935360596509,41526,41560,208935360596509,4.61
160000,ge10,P2PK,inactive,11,11,38053000000,11,11,38053000000,0.00
160000,ge10,P2PK,never_spent,41500,41514,208708722218891,41499,41513,208708722218891,4.61
160000,ge10,P2PKH,active,7295,174683,114077642306145,7295,174683,114077642306145,33.54
160000,ge10,P2PKH,all,30106,355461,574810243480411,7389,175162,123782581540605,68.25
160000,ge10,P2PKH,inactive,93,478,9701039234460,93,478,9701039234460,0.09
160000,ge10,P2PKH,never_spent,22718,180300,451031561939806,1,1,3900000000,34.62
160000,ge100,All,active,1390,52513,94615317199288,1389,52479,94354077689055,10.08
160000,ge100,All,all,6983,87853,502310695153532,1503,52854,105521815809646,16.86
160000,ge100,All,inactive,50,297,9560981026060,50,297,9560981026060,0.06
160000,ge100,All,never_spent,5543,35043,398134396928184,64,78,1606757094531,6.72
160000,ge100,P2PK,active,2,22,124398377618,2,22,124398377618,0.00
160000,ge100,P2PK,all,66,100,1731155472149,66,100,1731155472149,0.01
160000,ge100,P2PK,never_spent,64,78,1606757094531,64,78,1606757094531,0.01
160000,ge100,P2PKH,active,1387,52457,94229679311437,1387,52457,94229679311437,10.07
160000,ge100,P2PKH,all,6916,87719,500318300171150,1437,52754,103790660337497,16.84
160000,ge100,P2PKH,inactive,50,297,9560981026060,50,297,9560981026060,0.06
160000,ge100,P2PKH,never_spent,5479,34965,396527639833653,0,0,0,6.71
160000,ge1000,All,active,166,3778,63562171927434,165,3744,63300932417201,0.72
160000,ge1000,All,all,800,8405,345721542310010,181,3818,72251934417201,1.61
160000,ge1000,All,inactive,15,73,8627685000000,15,73,8627685000000,0.01
160000,ge1000,All,never_spent,619,4554,273531685382576,1,1,323317000000,0.87
160000,ge1000,P2PK,active,1,18,105211427618,1,18,105211427618,0.00
160000,ge1000,P2PK,all,2,19,428528427618,2,19,428528427618,0.00
160000,ge1000,P2PK,never_spent,1,1,323317000000,1,1,323317000000,0.00
160000,ge1000,P2PKH,active,164,3726,63195720989583,164,3726,63195720989583,0.72
160000,ge1000,P2PKH,all,797,8352,345031774372159,179,3799,71823405989583,1.60
160000,ge1000,P2PKH,inactive,15,73,8627685000000,15,73,8627685000000,0.01
160000,ge1000,P2PKH,never_spent,618,4553,273208368382576,0,0,0,0.87
170000,all,All,active,32062,400988,142096937126085,32061,400721,141835673268818,76.98
170000,all,All,all,602065,1392601,849999032815376,74410,444961,361828447822426,263.98
170000,all,All,inactive,681,2295,11104814840026,681,2295,11104814840026,0.44
170000,all,All,never_spent,569322,989318,696797280849265,41668,41945,208887959713582,186.56
170000,all,P2PK,active,6,25,123185385606,6,25,123185385606,0.00
170000,all,P2PK,all,41670,41906,209105142569595,41669,41905,209105142569595,4.65
170000,all,P2PK,inactive,26,26,98954000000,26,26,98954000000,0.00
170000,all,P2PK,never_spent,41638,41855,208883003183989,41637,41854,208883003183989,4.65
170000,all,P2PKH,active,32055,400696,141712487883212,32055,400696,141712487883212,76.93
170000,all,P2PKH,all,560393,1350427,640632616388514,32740,403055,152723295252831,259.28
170000,all,P2PKH,inactive,655,2269,11005860840026,655,2269,11005860840026,0.44
170000,all,P2PKH,never_spent,527683,947462,487914267665276,30,90,4946529593,181.91
170000,ge1,All,active,16674,284013,141807915507125,16673,283746,141546651649858,54.52
170000,ge1,All,all,127547,704611,848073662108558,58502,327102,361532656100162,131.89
170000,ge1,All,inactive,268,1560,11099287157730,268,1560,11099287157730,0.30
170000,ge1,All,never_spent,110605,419038,695166459443703,41561,41796,208886717292574,77.07
170000,ge1,P2PK,active,5,22,123182461033,5,22,123182461033,0.00
170000,ge1,P2PK,all,41588,41807,209104138715408,41587,41806,209104138715408,4.64
170000,ge1,P2PK,inactive,25,25,98953000000,25,25,98953000000,0.00
170000,ge1,P2PK,never_spent,41558,41760,208882003254375,41557,41759,208882003254375,4.64
170000,ge1,P2PKH,active,16668,283724,141423469188825,16668,283724,141423469188825,54.48
170000,ge1,P2PKH,all,85958,662537,638708259535883,16915,285296,152428517384754,127.21
170000,ge1,P2PKH,inactive,243,1535,11000334157730,243,1535,11000334157730,0.29
170000,ge1,P2PKH,never_spent,69047,377278,486284456189328,4,37,4714038199,72.44
170000,ge10,All,active,7695,204093,138530000547859,7694,203826,138268736690592,39.18
170000,ge10,All,all,75777,449456,831904305273165,49382,246420,358210597267949,82.91
170000,ge10,All,inactive,162,878,11067758572727,162,878,11067758572727,0.17
170000,ge10,All,never_spent,67920,244485,682306546152579,41526,41716,208874102004630,43.56
170000,ge10,P2PK,active,4,21,122919461033,4,21,122919461033,0.00
170000,ge10,P2PK,all,41553,41760,209091174465663,41552,41759,209091174465663,4.64
170000,ge10,P2PK,inactive,23,23,98053000000,23,23,98053000000,0.00
170000,ge10,P2PK,never_spent,41526,41716,208870202004630,41525,41715,208870202004630,4.63
170000,ge10,P2PKH,active,7690,203805,138145817229559,7690,203805,138145817229559,39.13
170000,ge10,P2PKH,all,34223,407429,622551866950235,7830,204661,149119422802286,78.23
170000,ge10,P2PKH,inactive,139,855,10969705572727,139,855,10969705572727,0.16
170000,ge10,P2PKH,never_spent,26394,202769,473436344147949,1,1,3900000000,38.93
170000,ge100,All,active,1611,67919,119172800323275,1610,67652,118911536466008,13.03
170000,ge100,All,all,7893,112184,541078042926457,1726,68122,131205258178266,21.53
170000,ge100,All,inactive,54,396,10706975394282,54,396,10706975394282,0.08
170000,ge100,All,never_spent,6228,43869,411198267208900,62,74,1586746317976,8.42
170000,ge100,P2PK,active,2,19,118732461033,2,19,118732461033,0.00
170000,ge100,P2PK,all,64,93,1705478779009,64,93,1705478779009,0.01
170000,ge100,P2PK,never_spent,62,74,1586746317976,62,74,1586746317976,0.01
170000,ge100,P2PKH,active,1608,67633,118792804004975,1608,67633,118792804004975,12.99
170000,ge100,P2PKH,all,7828,111824,539111300290181,1662,68029,129499779399257,21.47
170000,ge100,P2PKH,inactive,54,396,10706975394282,54,396,10706975394282,0.08
170000,ge100,P2PKH,never_spent,6166,43795,409611520890924,0,0,0,8.41
170000,ge1000,All,active,201,7547,81811187206290,200,7280,81549923349023,1.44
170000,ge1000,All,all,876,10745,368443891051170,217,7352,91524540349023,2.06
170000,ge1000,All,inactive,16,71,9651300000000,16,71,9651300000000,0.01
170000,ge1000,All,never_spent,659,3127,276981403844880,1,1,323317000000,0.60
170000,ge1000,P2PK,all,1,1,323317000000,1,1,323317000000,0.00
170000,ge1000,P2PK,never_spent,1,1,323317000000,1,1,323317000000,0.00
170000,ge1000,P2PKH,active,200,7280,81549923349023,200,7280,81549923349023,1.40
170000,ge1000,P2PKH,all,874,10477,367859310193903,216,7351,91201223349023,2.01
170000,ge1000,P2PKH,inactive,16,71,9651300000000,16,71,9651300000000,0.01
170000,ge1000,P2PKH,never_spent,658,3126,276658086844880,0,0,0,0.60
180000,all,All,active,40996,465264,181612378242918,40995,464639,181351078402450,89.32
180000,all,All,all,651250,1566444,899999032815376,83768,516056,405132990304438,297.35
180000,all,All,inactive,1415,9512,16386556735338,1415,9512,16386556735338,1.82
180000,all,All,never_spent,608839,1091668,702000097837120,41358,41905,207395355166650,206.21
180000,all,P2PK,active,7,64,267307654323,7,64,267307654323,0.01
180000,all,P2PK,all,41364,41898,207754847140668,41364,41897,207754847140668,4.65
180000,all,P2PK,inactive,26,26,98954000000,26,26,98954000000,0.00
180000,all,P2PK,never_spent,41331,41808,207388585486345,41331,41807,207388585486345,4.64
180000,all,P2PKH,active,40986,464573,181083768748127,40986,464573,181083768748127,89.20
180000,all,P2PKH,all,609879,1523910,691982866934240,42400,474154,197378129663770,292.59
180000,all,P2PKH,inactive,1389,9486,16287602735338,1389,9486,16287602735338,1.82
180000,all,P2PKH,never_spent,567504,1049851,494611495450775,25,95,6758180305,201.57
180000,all,P2SH,active,2,2,2000000,2,2,2000000,0.00
180000,all,P2SH,all,4,8,7400000,2,2,2000000,0.00
180000,all,P2SH,never_spent,2,6,5400000,0,0,0,0.00
180000,ge1,All,active,17759,331246,181289310612589,17758,330621,181028010772121,63.58
180000,ge1,All,all,131256,799928,897924664141583,59577,380002,404796734524686,150.19
180000,ge1,All,inactive,559,7616,16374499257230,559,7616,16374499257230,1.46
180000,ge1,All,never_spent,112938,461066,700260854271764,41260,41765,207394224495335,85.15
180000,ge1,P2PK,active,6,61,267304729750,6,61,267304729750,0.01
180000,ge1,P2PK,all,41286,41804,207753904158119,41286,41803,207753904158119,4.64
180000,ge1,P2PK,inactive,25,25,98953000000,25,25,98953000000,0.00
180000,ge1,P2PK,never_spent,41255,41718,207387646428369,41255,41717,207387646428369,4.63
180000,ge1,P2PKH,active,17752,330560,180760706042371,17752,330560,180760706042371,63.47
180000,ge1,P2PKH,all,89969,757499,689909460142996,18291,338199,197042830366567,145.44
180000,ge1,P2PKH,inactive,534,7591,16275546257230,534,7591,16275546257230,1.46
180000,ge1,P2PKH,never_spent,71683,419348,492873207843395,5,48,6578066966,80.51
180000,ge10,All,active,7941,236695,177755524923669,7940,236070,177494225083201,45.43
180000,ge10,All,all,76737,516317,881035784046581,49479,283686,401171363317972,95.74
180000,ge10,All,inactive,312,5939,16294758406147,312,5939,16294758406147,1.14
180000,ge10,All,never_spent,68484,273683,686985500716765,41227,41677,207382379828624,49.17
180000,ge10,P2PK,active,5,60,267041729750,5,60,267041729750,0.01
180000,ge10,P2PK,all,41253,41759,207741879908374,41253,41758,207741879908374,4.64
180000,ge10,P2PK,inactive,23,23,98053000000,23,23,98053000000,0.00
180000,ge10,P2PK,never_spent,41225,41676,207376785178624,41225,41675,207376785178624,4.63
180000,ge10,P2PKH,active,7935,236010,177227183353451,7935,236010,177227183353451,45.31
180000,ge10,P2PKH,all,35483,473933,673032604297739,8226,241928,193429483409598,91.00
180000,ge10,P2PKH,inactive,289,5916,16196705406147,289,5916,16196705406147,1.14
180000,ge10,P2PKH,never_spent,27259,232007,479608715538141,2,2,5594650000,44.55
180000,ge100,All,active,1825,85477,158316625054171,1824,84852,158055325213703,16.40
180000,ge100,All,all,7878,145726,587840074773422,1985,86851,175201501177040,27.96
180000,ge100,All,inactive,98,1923,15549427553888,98,1923,15549427553888,0.37
180000,ge100,All,never_spent,5955,58326,413974022165363,63,76,1596748409449,11.19
180000,ge100,P2PK,active,2,57,257837929740,2,57,257837929740,0.01
180000,ge100,P2PK,all,65,133,1854586339189,65,133,1854586339189,0.01
180000,ge100,P2PK,never_spent,63,76,1596748409449,63,76,1596748409449,0.01
180000,ge100,P2PKH,active,1822,84795,157797487283963,1822,84795,157797487283963,16.28
180000,ge100,P2PKH,all,7812,144968,585724188593765,1920,86718,173346914837851,27.83
180000,ge100,P2PKH,inactive,98,1923,15549427553888,98,1923,15549427553888,0.37
180000,ge100,P2PKH,never_spent,5892,58250,412377273755914,0,0,0,11.18
180000,ge1000,All,active,225,8384,117182792001518,224,7759,116921492161050,1.60
180000,ge1000,All,all,936,11537,423027784096805,252,8204,130801621681735,2.20
180000,ge1000,All,inactive,27,444,13556812520685,27,444,13556812520685,0.09
180000,ge1000,All,never_spent,684,2709,292288179574602,1,1,323317000000,0.52
180000,ge1000,P2PK,active,1,53,235234466591,1,53,235234466591,0.01
180000,ge1000,P2PK,all,2,54,558551466591,2,54,558551466591,0.01
180000,ge1000,P2PK,never_spent,1,1,323317000000,1,1,323317000000,0.00
180000,ge1000,P2PKH,active,223,7706,116686257694459,223,7706,116686257694459,1.48
180000,ge1000,P2PKH,all,933,10858,422207932789746,250,8150,130243070215144,2.08
180000,ge1000,P2PKH,inactive,27,444,13556812520685,27,444,13556812520685,0.09
180000,ge1000,P2PKH,never_spent,683,2708,291964862574602,0,0,0,0.52
190000,all,All,active,92010,535910,204927752655778,92009,535064,204666452815307,102.88
190000,all,All,all,745894,1836648,949999013095376,141670,657391,444564476829156,349.20
190000,all,All,inactive,8063,79952,31358705962963,8063,79952,31358705962963,15.35
190000,all,All,never_spent,645821,1220786,713712554476635,41598,42375,208539318050886,230.97
190000,all,P2PK,active,4,29,102765626479,4,29,102765626479,0.00
190000,all,P2PK,all,41593,42268,208740028230208,41593,42267,208740028230208,4.69
190000,all,P2PK,inactive,29,29,103404000000,29,29,103404000000,0.00
190000,all,P2PK,never_spent,41560,42210,208533858603729,41560,42209,208533858603729,4.69
190000,all,P2PKH,active,92002,535032,204563635958828,92002,535032,204563635958828,102.73
190000,all,P2PKH,all,704289,1793517,740994815706697,100072,615118,235824385868948,344.36
190000,all,P2PKH,inactive,8034,79923,31255301962963,8034,79923,31255301962963,15.35
190000,all,P2PKH,never_spent,604253,1178562,505175877784906,36,163,5447947157,226.28
190000,all,P2SH,active,3,3,51230000,3,3,51230000,0.00
190000,all,P2SH,all,9,14,2857818000,3,3,51230000,0.00
190000,all,P2SH,never_spent,6,11,2806588000,0,0,0,0.00
190000,ge1,All,active,15964,302493,204613393484068,15963,301647,204352093643597,58.06
190000,ge1,All,all,132192,843313,947812080858133,61249,412531,444169192388906,158.49
190000,ge1,All,inactive,3797,68704,31278890901506,3797,68704,31278890901506,13.19
190000,ge1,All,never_spent,112431,472116,711919796472559,41489,42180,208538207843803,87.23
190000,ge1,P2PK,active,3,27,102763303789,3,27,102763303789,0.00
190000,ge1,P2PK,all,41515,42175,208739085849542,41515,42174,208739085849542,4.68
190000,ge1,P2PK,inactive,28,28,103403000000,28,28,103403000000,0.00
190000,ge1,P2PK,never_spent,41484,42120,208532919545753,41484,42119,208532919545753,4.68
190000,ge1,P2PKH,active,15960,301620,204249330339808,15960,301620,204249330339808,57.91
190000,ge1,P2PKH,all,90674,800290,738808895168120,19734,370357,235430106539364,153.66
190000,ge1,P2PKH,inactive,3769,68676,31175487901506,3769,68676,31175487901506,13.19
190000,ge1,P2PKH,never_spent,70945,429994,503384076926806,5,61,5288298050,82.56
190000,ge1,P2SH,all,2,2,2800000000,0,0,0,0.00
190000,ge1,P2SH,never_spent,2,2,2800000000,0,0,0,0.00
190000,ge10,All,active,7201,212347,201490146346955,7200,211501,201228846506484,40.76
190000,ge10,All,all,76905,539059,930949158578537,50218,302649,440284763672544,100.07
190000,ge10,All,inactive,1562,49058,30529118230639,1562,49058,30529118230639,9.42
190000,ge10,All,never_spent,68142,277654,698929894000943,41456,42090,208526798935421,49.90
190000,ge10,P2PK,active,2,18,102152152500,2,18,102152152500,0.00
190000,ge10,P2PK,all,41482,42133,208727291087921,41482,42132,208727291087921,4.68
190000,ge10,P2PK,inactive,25,25,102240000000,25,25,102240000000,0.00
190000,ge10,P2PK,never_spent,41455,42090,208522898935421,41455,42089,208522898935421,4.67
190000,ge10,P2PKH,active,7198,211483,201126694353984,7198,211483,201126694353984,40.60
190000,ge10,P2PKH,all,35421,496079,721957867650145,8736,260517,231557472584623,95.25
190000,ge10,P2PKH,inactive,1537,49033,30426878230639,1537,49033,30426878230639,9.41
190000,ge10,P2PKH,never_spent,26686,235563,490404295065522,1,1,3900000000,45.23
190000,ge10,P2SH,all,1,1,2700000000,0,0,0,0.00
190000,ge10,P2SH,never_spent,1,1,2700000000,0,0,0,0.00
190000,ge100,All,active,1803,81708,183746394778563,1802,80862,183485094938092,15.67
190000,ge100,All,all,8394,161623,639555376082052,2193,98948,211769160741294,31.01
190000,ge100,All,inactive,329,18011,26700914811729,329,18011,26700914811729,3.46
190000,ge100,All,never_spent,6262,61904,429108066491760,62,75,1583150991473,11.88
190000,ge100,P2PK,active,2,18,102152152500,2,18,102152152500,0.00
190000,ge100,P2PK,all,64,93,1685303143973,64,93,1685303143973,0.01
190000,ge100,P2PK,never_spent,62,75,1583150991473,62,75,1583150991473,0.01
190000,ge100,P2PKH,active,1800,80844,183382942785592,1800,80844,183382942785592,15.52
190000,ge100,P2PKH,all,8329,160684,637608773097608,2129,98855,210083857597321,30.85
190000,ge100,P2PKH,inactive,329,18011,26700914811729,329,18011,26700914811729,3.46
190000,ge100,P2PKH,never_spent,6200,61829,427524915500287,0,0,0,11.87
190000,ge1000,All,active,243,8808,141849270236134,242,7962,141587970395663,1.68
190000,ge1000,All,all,1020,13468,456111892382577,288,8726,161071689530032,2.57
190000,ge1000,All,inactive,45,763,19160402134369,45,763,19160402134369,0.15
190000,ge1000,All,never_spent,732,3897,295102220012074,1,1,323317000000,0.75
190000,ge1000,P2PK,all,1,1,323317000000,1,1,323317000000,0.00
190000,ge1000,P2PK,never_spent,1,1,323317000000,1,1,323317000000,0.00
190000,ge1000,P2PKH,active,242,7962,141587970395663,242,7962,141587970395663,1.53
190000,ge1000,P2PKH,all,1018,12621,455527275542106,287,8725,160748372530032,2.42
190000,ge1000,P2PKH,inactive,45,763,19160402134369,45,763,19160402134369,0.15
190000,ge1000,P2PKH,never_spent,731,3896,294778903012074,0,0,0,0.75
210000,all,All,active,220727,906017,218985538735036,220726,904794,218724238894565,173.91
210000,all,All,all,1013404,2955403,1049996494351183,275748,1147842,461740302252224,563.99
210000,all,All,inactive,14033,200977,37574219027142,14033,200977,37574219027142,38.59
210000,all,All,never_spent,778644,1848409,793436736589005,40989,42071,205441844330517,351.49
210000,all,P2PK,active,9,337,247306136844,9,337,247306136844,0.04
210000,all,P2PK,all,40963,42286,205723171186359,40963,42285,205723171186359,4.69
210000,all,P2PK,inactive,15,15,40191000000,15,15,40191000000,0.00
210000,all,P2PK,never_spent,40939,41934,205435674049515,40939,41933,205435674049515,4.65
210000,all,P2PKH,active,220713,904450,218475830747620,220713,904450,218475830747620,173.65
210000,all,P2PKH,all,972248,2911677,843900017278600,234779,1105547,256016017555764,559.04
210000,all,P2PKH,inactive,14018,200962,37534028027142,14018,200962,37534028027142,38.58
210000,all,P2PKH,never_spent,737517,1806265,587890158503838,48,135,6158781002,346.80
210000,all,P2SH,active,4,7,1102010101,4,7,1102010101,0.00
210000,all,P2SH,all,190,214,111994545753,4,7,1102010101,0.04
210000,all,P2SH,never_spent,186,207,110892535652,0,0,0,0.04
210000,ge1,All,active,19182,406530,218579614217477,19181,405307,218318314377006,78.01
210000,ge1,All,all,156954,1065200,1047291692269920,66292,555422,461195001720873,201.08
210000,ge1,All,inactive,6235,108175,37435915082600,6235,108175,37435915082600,20.77
210000,ge1,All,never_spent,131537,550495,791276162969843,40876,41940,205440772261267,102.30
210000,ge1,P2PK,active,7,334,247303274521,7,334,247303274521,0.04
210000,ge1,P2PK,all,40889,42199,205722319057030,40889,42198,205722319057030,4.68
210000,ge1,P2PK,inactive,14,14,40190000000,14,14,40190000000,0.00
210000,ge1,P2PK,never_spent,40868,41851,205434825782509,40868,41850,205434825782509,4.65
210000,ge1,P2PKH,active,19173,404971,218069911102485,19173,404971,218069911102485,77.75
210000,ge1,P2PKH,all,116057,1021767,841196159213153,25402,513222,255471582663843,196.18
210000,ge1,P2PKH,inactive,6221,108161,37395725082600,6221,108161,37395725082600,20.77
210000,ge1,P2PKH,never_spent,90663,508635,585730523028068,8,90,5946478758,97.66
210000,ge1,P2SH,active,1,2,1100000000,1,2,1100000000,0.00
210000,ge1,P2SH,all,7,11,111914159266,1,2,1100000000,0.00
210000,ge1,P2SH,never_spent,6,9,110814159266,0,0,0,0.00
210000,ge10,All,active,8953,279385,214843562627545,8952,278162,214582262787074,53.60
210000,ge10,All,all,88862,656979,1026062799304347,52158,392457,456148553463791,122.70
210000,ge10,All,inactive,2363,72471,36136778504540,2363,72471,36136778504540,13.91
210000,ge10,All,never_spent,77546,305123,775082458172262,40843,41824,205429512172177,55.20
210000,ge10,P2PK,active,7,334,247303274521,7,334,247303274521,0.04
210000,ge10,P2PK,all,40860,42169,205712544446698,40860,42168,205712544446698,4.68
210000,ge10,P2PK,inactive,12,12,39290000000,12,12,39290000000,0.00
210000,ge10,P2PK,never_spent,40841,41823,205425951172177,40841,41822,205425951172177,4.64
210000,ge10,P2PKH,active,8944,277826,214333859512553,8944,277826,214333859512553,53.34
210000,ge10,P2PKH,all,47999,613582,819977855017178,11297,350287,250434909017093,117.81
210000,ge10,P2PKH,inactive,2351,72459,36097488504540,2351,72459,36097488504540,13.91
210000,ge10,P2PKH,never_spent,36704,263297,569546507000085,2,2,3561000000,50.55
210000,ge10,P2SH,active,1,2,1100000000,1,2,1100000000,0.00
210000,ge10,P2SH,all,2,5,111100000000,1,2,1100000000,0.00
210000,ge10,P2SH,never_spent,1,3,110000000000,0,0,0,0.00
210000,ge100,All,active,2240,112524,192905531069648,2239,111301,192644231229177,21.56
210000,ge100,All,all,10157,201306,697937669667485,2736,135437,224326933353616,38.52
210000,ge100,All,inactive,440,23104,30149451534441,440,23104,30149451534441,4.44
210000,ge100,All,never_spent,7477,65678,474882687063396,57,1032,1533250589998,12.53
210000,ge100,P2PK,active,1,320,219833574063,1,320,219833574063,0.04
210000,ge100,P2PK,all,58,1352,1753084164061,58,1352,1753084164061,0.15
210000,ge100,P2PK,never_spent,57,1032,1533250589998,57,1032,1533250589998,0.11
210000,ge100,P2PKH,active,2238,110981,192424397655114,2238,110981,192424397655114,21.31
210000,ge100,P2PKH,all,10097,198728,695813285662953,2678,134085,222573849189555,38.16
210000,ge100,P2PKH,inactive,440,23104,30149451534441,440,23104,30149451534441,4.44
210000,ge100,P2PKH,never_spent,7419,64643,473239436473398,0,0,0,12.41
210000,ge100,P2SH,all,1,3,110000000000,0,0,0,0.00
210000,ge100,P2SH,never_spent,1,3,110000000000,0,0,0,0.00
210000,ge1000,All,active,314,20998,139795668300848,313,19775,139534368460377,3.99
210000,ge1000,All,all,1183,25400,463802220994001,368,20857,160388535561948,4.83
210000,ge1000,All,inactive,54,1081,20530850101571,54,1081,20530850101571,0.21
210000,ge1000,All,never_spent,815,3321,303475702591582,1,1,323317000000,0.64
210000,ge1000,P2PK,active,1,320,219833574063,1,320,219833574063,0.04
210000,ge1000,P2PK,all,2,321,543150574063,2,321,543150574063,0.04
210000,ge1000,P2PK,never_spent,1,1,323317000000,1,1,323317000000,0.00
210000,ge1000,P2PKH,active,312,19455,139314534886314,312,19455,139314534886314,3.74
210000,ge1000,P2PKH,all,1179,23853,462887770579467,366,20536,159845384987885,4.58
210000,ge1000,P2PKH,inactive,54,1081,20530850101571,54,1081,20530850101571,0.21
210000,ge1000,P2PKH,never_spent,813,3317,303042385591582,0,0,0,0.64
210000,ge1000,P2SH,all,1,3,110000000000,0,0,0,0.00
210000,ge1000,P2SH,never_spent,1,3,110000000000,0,0,0,0.00
220000,all,All,active,363297,1230662,217004686643649,363296,1230313,216743234653078,236.24
220000,all,All,all,1190341,3567362,1074996484451183,419739,1484618,455750189387061,681.62
220000,all,All,inactive,16109,213875,37437381284815,16109,213875,37437381284815,41.06
220000,all,All,never_spent,810935,2122825,820554416522719,40334,40430,201569573449168,404.31
220000,all,P2PK,active,7,520,51103912437,7,520,51103912437,0.06
220000,all,P2PK,all,40303,40829,201649053310667,40303,40828,201649053310667,4.53
220000,all,P2PK,inactive,14,14,37691000000,14,14,37691000000,0.00
220000,all,P2PK,never_spent,40282,40295,201560258398230,40282,40294,201560258398230,4.47
220000,all,P2PKH,active,363284,1229779,216688376960850,363284,1229779,216688376960850,236.12
220000,all,P2PKH,all,1149831,3525942,872954478229497,379429,1443773,254097370796603,676.98
220000,all,P2PKH,inactive,16095,213861,37399690284815,16095,213861,37399690284815,41.06
220000,all,P2PKH,never_spent,770452,2082302,618866410983832,50,133,9303550938,399.80
220000,all,P2SH,active,5,14,3753779791,5,14,3753779791,0.00
220000,all,P2SH,all,204,239,131489420448,5,14,3753779791,0.04
220000,all,P2SH,never_spent,199,225,127735640657,0,0,0,0.04
220000,ge1,All,active,20583,431817,216307504195887,20582,431468,216046052205316,82.86
220000,ge1,All,all,156904,1097535,1071927186964324,67556,585729,454894942292411,207.42
220000,ge1,All,inactive,6752,113952,37280249152904,6752,113952,37280249152904,21.88
220000,ge1,All,never_spent,129569,551766,818339433615533,40222,40309,201568640934191,102.68
220000,ge1,P2PK,active,4,513,51076979536,4,513,51076979536,0.06
220000,ge1,P2PK,all,40230,40750,201648301602100,40230,40749,201648301602100,4.52
220000,ge1,P2PK,inactive,13,13,37690000000,13,13,37690000000,0.00
220000,ge1,P2PK,never_spent,40213,40224,201559534622564,40213,40223,201559534622564,4.46
220000,ge1,P2PKH,active,20576,430944,215991371445989,20576,430944,215991371445989,82.74
220000,ge1,P2PKH,all,116662,1056409,869886285832596,27324,544969,253243036910520,202.83
220000,ge1,P2PKH,inactive,6739,113939,37242559152904,6739,113939,37242559152904,21.88
220000,ge1,P2PKH,never_spent,89347,511526,616652355233703,9,86,9106311627,98.21
220000,ge1,P2SH,active,2,11,3603779791,2,11,3603779791,0.00
220000,ge1,P2SH,all,11,27,131147539057,2,11,3603779791,0.00
220000,ge1,P2SH,never_spent,9,16,127543759266,0,0,0,0.00
220000,ge10,All,active,8860,279803,212228454990569,8859,279454,211967002999998,53.67
220000,ge10,All,all,84931,652681,1050390041082934,51543,394827,449385945454879,122.01
220000,ge10,All,inactive,2494,75097,35861109174798,2494,75097,35861109174798,14.42
220000,ge10,All,never_spent,73577,297781,802300476917567,40190,40276,201557833280083,53.92
220000,ge10,P2PK,active,4,513,51076979536,4,513,51076979536,0.06
220000,ge10,P2PK,all,40201,40720,201638526991768,40201,40719,201638526991768,4.52
220000,ge10,P2PK,inactive,11,11,36790000000,11,11,36790000000,0.00
220000,ge10,P2PK,never_spent,40186,40196,201550660012232,40186,40195,201550660012232,4.46
220000,ge10,P2PKH,active,8854,278936,211912576520462,8854,278936,211912576520462,53.56
220000,ge10,P2PKH,all,44724,611598,848359986000595,11341,354103,247744068963111,117.43
220000,ge10,P2PKH,inactive,2483,75086,35824319174798,2483,75086,35824319174798,14.42
220000,ge10,P2PKH,never_spent,33387,257576,600623090305335,4,81,7173267851,49.45
220000,ge10,P2SH,active,1,5,3349500000,1,5,3349500000,0.00
220000,ge10,P2SH,all,5,14,130076100000,1,5,3349500000,0.00
220000,ge10,P2SH,never_spent,4,9,126726600000,0,0,0,0.00
220000,ge100,All,active,2389,114822,190723216444433,2388,114473,190461764453862,22.00
220000,ge100,All,all,11457,206201,746742334595532,2913,139685,221546905798606,39.54
220000,ge100,All,inactive,469,25147,29566999444744,469,25147,29566999444744,4.83
220000,ge100,All,never_spent,8599,66232,526452118706355,56,65,1518141900000,12.71
220000,ge100,P2PK,active,1,509,36019069536,1,509,36019069536,0.06
220000,ge100,P2PK,all,57,574,1554160969536,57,574,1554160969536,0.06
220000,ge100,P2PK,never_spent,56,65,1518141900000,56,65,1518141900000,0.01
220000,ge100,P2PKH,active,2387,113964,190425745384326,2387,113964,190425745384326,21.88
220000,ge100,P2PKH,all,11397,205274,744806721635425,2856,139111,219992744829070,39.41
220000,ge100,P2PKH,inactive,469,25147,29566999444744,469,25147,29566999444744,4.83
220000,ge100,P2PKH,never_spent,8541,66163,524813976806355,0,0,0,12.70
220000,ge100,P2SH,all,2,4,120000000000,0,0,0,0.00
220000,ge100,P2SH,never_spent,2,4,120000000000,0,0,0,0.00
220000,ge1000,All,active,326,19017,133121315659348,325,18668,132859863668777,3.65
220000,ge1000,All,all,1351,25227,492010486880695,371,19376,152021648111788,4.84
220000,ge1000,All,inactive,45,707,18838467443011,45,707,18838467443011,0.14
220000,ge1000,All,never_spent,980,5503,340050703778336,1,1,323317000000,1.06
220000,ge1000,P2PK,all,1,1,323317000000,1,1,323317000000,0.00
220000,ge1000,P2PK,never_spent,1,1,323317000000,1,1,323317000000,0.00
220000,ge1000,P2PKH,active,325,18668,132859863668777,325,18668,132859863668777,3.58
220000,ge1000,P2PKH,all,1348,24874,491315717890124,370,19375,151698331111788,4.78
220000,ge1000,P2PKH,inactive,45,707,18838467443011,45,707,18838467443011,0.14
220000,ge1000,P2PKH,never_spent,978,5499,339617386778336,0,0,0,1.06
220000,ge1000,P2SH,all,1,3,110000000000,0,0,0,0.00
220000,ge1000,P2SH,never_spent,1,3,110000000000,0,0,0,0.00
230000,all,All,active,450227,1526953,239446071375322,450226,1526472,239184263728662,293.13
230000,all,All,all,1367941,4234608,1099996480501183,506226,1760405,465526799290521,809.79
230000,all,All,inactive,16443,194271,28884206093543,16443,194271,28884206093543,37.30
230000,all,All,never_spent,901271,2513384,831666203032318,39557,39662,197458329468316,479.37
230000,all,P2PK,active,5,520,39044890768,5,520,39044890768,0.06
230000,all,P2PK,all,39515,40042,197521325391126,39515,40041,197521325391126,4.44
230000,all,P2PK,inactive,12,12,31456000000,12,12,31456000000,0.00
230000,all,P2PK,never_spent,39498,39510,197450824500358,39498,39509,197450824500358,4.39
230000,all,P2PKH,active,450217,1525944,239141754437894,450217,1525944,239141754437894,292.98
230000,all,P2PKH,all,1328219,4193850,902202143876740,466703,1720351,268001987999395,805.22
230000,all,P2PKH,inactive,16431,194259,28852750093543,16431,194259,28852750093543,37.30
230000,all,P2PKH,never_spent,861571,2473647,634207639345303,55,148,7483467958,474.94
230000,all,P2SH,active,4,8,3464400000,4,8,3464400000,0.00
230000,all,P2SH,all,202,230,11182086657,4,8,3464400000,0.04
230000,all,P2SH,never_spent,198,222,7717686657,0,0,0,0.04
230000,ge1,All,active,26188,448234,238491974621520,26187,447753,238230166974860,86.01
230000,ge1,All,all,177374,1038256,1096265926584248,71388,576414,464410964383257,196.10
230000,ge1,All,inactive,5760,89127,28723439536647,5760,89127,28723439536647,17.11
230000,ge1,All,never_spent,145426,500895,829050512426081,39441,39534,197457357871750,92.98
230000,ge1,P2PK,active,3,505,38961109538,3,505,38961109538,0.06
230000,ge1,P2PK,all,39448,39960,197520581160489,39448,39959,197520581160489,4.44
230000,ge1,P2PK,inactive,11,11,31455000000,11,11,31455000000,0.00
230000,ge1,P2PK,never_spent,39434,39444,197450165050951,39434,39443,197450165050951,4.38
230000,ge1,P2PKH,active,26183,447243,238187856365322,26183,447243,238187856365322,85.87
230000,ge1,P2PKH,all,137917,997798,898472644517833,31939,536450,266887033722768,191.58
230000,ge1,P2PKH,inactive,5749,89116,28691984536647,5749,89116,28691984536647,17.11
230000,ge1,P2PKH,never_spent,105985,461439,631592803615864,7,91,7192820799,88.60
230000,ge1,P2SH,active,1,5,3349500000,1,5,3349500000,0.00
230000,ge1,P2SH,all,8,17,10893259266,1,5,3349500000,0.00
230000,ge1,P2SH,never_spent,7,12,7543759266,0,0,0,0.00
230000,ge10,All,active,10640,276830,233241299877491,10639,276349,232979492230831,53.10
230000,ge10,All,all,89650,577570,1070215305466961,51945,369791,457900195312507,107.65
230000,ge10,All,inactive,1892,53936,27472778125308,1892,53936,27472778125308,10.35
230000,ge10,All,never_spent,77118,246804,809501227464162,39414,39506,197447924956368,44.19
230000,ge10,P2PK,active,3,505,38961109538,3,505,38961109538,0.06
230000,ge10,P2PK,all,39422,39933,197511406550157,39422,39932,197511406550157,4.43
230000,ge10,P2PK,inactive,9,9,30555000000,9,9,30555000000,0.00
230000,ge10,P2PK,never_spent,39410,39419,197441890440619,39410,39418,197441890440619,4.38
230000,ge10,P2PKH,active,10635,275839,232937181621293,10635,275839,232937181621293,52.96
230000,ge10,P2PKH,all,50224,537146,872432015170144,12522,329854,260385439262350,103.13
230000,ge10,P2PKH,inactive,1883,53927,27442223125308,1883,53927,27442223125308,10.35
230000,ge10,P2PKH,never_spent,37706,207380,612052610423543,4,88,6034515749,39.82
230000,ge10,P2SH,active,1,5,3349500000,1,5,3349500000,0.00
230000,ge10,P2SH,all,3,10,10076100000,1,5,3349500000,0.00
230000,ge10,P2SH,never_spent,2,5,6726600000,0,0,0,0.00
230000,ge100,All,active,2658,104814,207284580929962,2657,104333,207022773283302,20.08
230000,ge100,All,all,11463,171752,756488821643084,3054,120058,231392615906599,32.92
230000,ge100,All,inactive,343,15663,22894636723297,343,15663,22894636723297,3.01
230000,ge100,All,never_spent,8462,51275,526309603989825,54,62,1475205900000,9.84
230000,ge100,P2PK,active,1,503,29057109538,1,503,29057109538,0.06
230000,ge100,P2PK,all,55,565,1504263009538,55,565,1504263009538,0.06
230000,ge100,P2PK,never_spent,54,62,1475205900000,54,62,1475205900000,0.01
230000,ge100,P2PKH,active,2656,103830,206993716173764,2656,103830,206993716173764,19.94
230000,ge100,P2PKH,all,11407,170706,754722750986886,2999,119493,229888352897061,32.78
230000,ge100,P2PKH,inactive,343,15663,22894636723297,343,15663,22894636723297,3.01
230000,ge100,P2PKH,never_spent,8408,51213,524834398089825,0,0,0,9.83
230000,ge1000,All,active,349,18669,144441227116487,348,18188,144179419469827,3.58
230000,ge1000,All,all,1367,25582,508769733373027,390,18580,159581481911792,4.90
230000,ge1000,All,inactive,41,391,15078745441965,41,391,15078745441965,0.08
230000,ge1000,All,never_spent,977,6522,349249760814575,1,1,323317000000,1.25
230000,ge1000,P2PK,all,1,1,323317000000,1,1,323317000000,0.00
230000,ge1000,P2PK,never_spent,1,1,323317000000,1,1,323317000000,0.00
230000,ge1000,P2PKH,active,348,18188,144179419469827,348,18188,144179419469827,3.49
230000,ge1000,P2PKH,all,1365,25100,508184608726367,389,18579,159258164911792,4.82
230000,ge1000,P2PKH,inactive,41,391,15078745441965,41,391,15078745441965,0.08
230000,ge1000,P2PKH,never_spent,976,6521,348926443814575,0,0,0,1.25
240000,all,All,active,497453,2158437,257963715417753,497452,2140633,257702135507646,414.09
240000,all,All,all,1687153,6251142,1124996480331183,566164,2384876,488903939845841,1196.49
240000,all,All,inactive,29523,204928,36226414898365,29523,204928,36226414898365,39.35
240000,all,All,never_spent,1160177,3887777,830806350015065,39189,39315,194975389439830,743.06
240000,all,P2PK,active,4,593,66542027003,4,593,66542027003,0.07
240000,all,P2PK,all,39140,39741,195060816074640,39140,39740,195060816074640,4.41
240000,all,P2PK,inactive,11,11,28165000000,11,11,28165000000,0.00
240000,all,P2PK,never_spent,39125,39137,194966109047637,39125,39136,194966109047637,4.34
240000,all,P2PKH,active,497438,2140022,257632092930643,497438,2140022,257632092930643,410.88
240000,all,P2PKH,all,1636906,6179384,929662823385821,527009,2345112,293839601671201,1186.44
240000,all,P2PKH,inactive,29512,204917,36198249898365,29512,204917,36198249898365,39.34
240000,all,P2PKH,never_spent,1109956,3834445,635832480556813,59,173,9258842193,736.21
240000,all,P2SH,active,8,15,3498350000,8,15,3498350000,0.00
240000,all,P2SH,all,11099,14204,11237210615,8,15,3498350000,2.50
240000,all,P2SH,never_spent,11091,14189,7738860615,0,0,0,2.50
240000,ge1,All,active,34263,553093,256606139933750,34262,535289,256344560023643,105.86
240000,ge1,All,all,201857,1169040,1120002078252187,78841,653627,487371342841333,220.96
240000,ge1,All,inactive,5513,79158,36052309692601,5513,79158,36052309692601,15.20
240000,ge1,All,never_spent,162081,536789,827343628625836,39066,39180,194974473125089,99.90
240000,ge1,P2PK,active,3,591,66539704313,3,591,66539704313,0.07
240000,ge1,P2PK,all,39072,39670,195060155302539,39072,39669,195060155302539,4.40
240000,ge1,P2PK,inactive,10,10,28164000000,10,10,28164000000,0.00
240000,ge1,P2PK,never_spent,39059,39069,194965451598226,39059,39068,194965451598226,4.34
240000,ge1,P2PKH,active,34258,534693,256274670819330,34258,534693,256274670819330,102.66
240000,ge1,P2PKH,all,162776,1111549,924669449780275,39768,613953,292307838038794,213.42
240000,ge1,P2PKH,inactive,5503,79148,36024145692601,5503,79148,36024145692601,15.20
240000,ge1,P2PKH,never_spent,123015,497708,632370633268344,7,112,9021526863,95.56
240000,ge1,P2SH,active,1,5,3349500000,1,5,3349500000,0.00
240000,ge1,P2SH,all,8,17,10893259266,1,5,3349500000,0.00
240000,ge1,P2SH,never_spent,7,12,7543759266,0,0,0,0.00
240000,ge10,All,active,12434,308002,249415859363207,12433,290198,249154279453100,58.81
240000,ge10,All,all,92709,581915,1088132005174081,53205,375518,478964211087880,108.24
240000,ge10,All,inactive,1732,46167,34844286230023,1732,46167,34844286230023,8.86
240000,ge10,All,never_spent,78543,227746,803871859580851,39040,39153,194965645404757,40.56
240000,ge10,P2PK,active,2,524,66042750291,2,524,66042750291,0.06
240000,ge10,P2PK,all,39045,39576,195050483738185,39045,39575,195050483738185,4.39
240000,ge10,P2PK,inactive,8,8,27264000000,8,8,27264000000,0.00
240000,ge10,P2PK,never_spent,39035,39044,194957176987894,39035,39043,194957176987894,4.33
240000,ge10,P2PKH,active,12430,289669,249084887202809,12430,289669,249084887202809,55.62
240000,ge10,P2PKH,all,53660,524525,892809865425789,14159,335938,283910377849695,100.71
240000,ge10,P2PKH,inactive,1724,46159,34817022230023,1724,46159,34817022230023,8.86
240000,ge10,P2PKH,never_spent,39506,188697,608907955992957,5,110,8468416863,36.23
240000,ge10,P2SH,active,1,5,3349500000,1,5,3349500000,0.00
240000,ge10,P2SH,all,3,10,10076100000,1,5,3349500000,0.00
240000,ge10,P2SH,never_spent,2,5,6726600000,0,0,0,0.00
240000,ge100,All,active,2856,118534,219204702070595,2855,100730,218943122160488,22.43
240000,ge100,All,all,11390,177327,772027671941267,3217,114263,250842269686969,33.72
240000,ge100,All,inactive,326,13489,30703941626481,326,13489,30703941626481,2.59
240000,ge100,All,never_spent,8208,45304,522119028244191,36,44,1195205900000,8.69
240000,ge100,P2PK,active,1,523,61038750291,1,523,61038750291,0.06
240000,ge100,P2PK,all,37,567,1256244650291,37,567,1256244650291,0.06
240000,ge100,P2PK,never_spent,36,44,1195205900000,36,44,1195205900000,0.00
240000,ge100,P2PKH,active,2854,100207,218882083410197,2854,100207,218882083410197,19.24
240000,ge100,P2PKH,all,11352,158956,770509847380869,3180,113696,249586025036678,30.52
240000,ge100,P2PKH,inactive,326,13489,30703941626481,326,13489,30703941626481,2.59
240000,ge100,P2PKH,never_spent,8172,45260,520923822344191,0,0,0,8.69
240000,ge1000,All,active,369,35787,153282999983046,368,17983,153021420072939,6.59
240000,ge1000,All,all,1433,42735,526445465766743,406,18312,176470788794990,7.92
240000,ge1000,All,inactive,37,328,23126051722051,37,328,23126051722051,0.06
240000,ge1000,All,never_spent,1027,6620,350036414061646,1,1,323317000000,1.27
240000,ge1000,P2PK,all,1,1,323317000000,1,1,323317000000,0.00
240000,ge1000,P2PK,never_spent,1,1,323317000000,1,1,323317000000,0.00
240000,ge1000,P2PKH,active,368,17983,153021420072939,368,17983,153021420072939,3.45
240000,ge1000,P2PKH,all,1431,24930,525860568856636,405,18311,176147471794990,4.79
240000,ge1000,P2PKH,inactive,37,328,23126051722051,37,328,23126051722051,0.06
240000,ge1000,P2PKH,never_spent,1026,6619,349713097061646,0,0,0,1.27
944000,all,All,active,2745804,43403661,335060675575305,2751272,43403661,335060675575305,5050.34
944000,all,All,all,58599418,165074762,2001237303021483,16039132,102537311,692086782931615,22652.46
944000,all,All,inactive,7866052,50060094,170105395875195,7869432,50060094,170105395875195,6789.96
944000,all,All,never_spent,47987562,71611007,1496071231570983,5418428,9073556,186920711481115,10812.16
944000,all,P2PK,active,3,20,145000,3,20,145000,0.00
944000,all,P2PK,all,37671,44642,171631957807589,37685,44641,171631957807589,4.96
944000,all,P2PK,inactive,330,6939,23708222160,339,6939,23708222160,0.77
944000,all,P2PK,never_spent,37338,37683,171608249440429,37343,37682,171608249440429,4.18
944000,all,P2PKH,active,352833,3654799,40443132901524,352973,3654799,40443132901524,701.72
944000,all,P2PKH,all,21507658,44991818,466607593023685,4142872,17975838,119970751524223,8638.43
944000,all,P2PKH,inactive,3716971,14145182,79459834314649,3717042,14145182,79459834314649,2715.87
944000,all,P2PKH,never_spent,17437854,27191837,346704625807512,72857,175857,67784308050,5220.83
944000,all,P2SH,active,212046,1890537,68281170283730,215318,1890537,68281170283730,332.73
944000,all,P2SH,all,6288472,12249678,395559094412128,1165605,5733058,127116314213944,2155.94
944000,all,P2SH,inactive,947775,3842521,58835143930214,950287,3842521,58835143930214,676.28
944000,all,P2SH,never_spent,5128651,6516620,268442780198184,0,0,0,1146.93
944000,all,P2TR,active,760928,25989166,4829235234181,760928,25989166,4829235234181,2676.88
944000,all,P2TR,all,4817907,54505184,20558080467387,4817907,54505184,20558080467387,5614.03
944000,all,P2TR,inactive,1115878,22086455,542931827861,1115878,22086455,542931827861,2274.90
944000,all,P2TR,never_spent,2941101,6429563,15185913405345,2941101,6429563,15185913405345,662.24
944000,all,P2WPKH,active,1372488,11608575,160190862304625,1372581,11608575,160190862304625,1300.16
944000,all,P2WPKH,all,22344183,47905473,810161884858351,3422921,21481568,183950885833447,5365.41
944000,all,P2WPKH,inactive,2043447,9860925,23706825572859,2043502,9860925,23706825572859,1104.42
944000,all,P2WPKH,never_spent,18928248,26435973,626264196980867,6838,12068,53197955963,2960.83
944000,all,P2WSH,active,47212,260049,61316272658745,49432,260049,61316272658745,38.75
944000,all,P2WSH,all,1146788,2697486,136449864515386,89749,373918,68852758930904,401.93
944000,all,P2WSH,inactive,39445,113869,7536486272159,40317,113869,7536486272159,16.97
944000,all,P2WSH,never_spent,1060131,2323568,67597105584482,0,0,0,346.21
944000,ge1,All,active,41175,4840874,330273116970608,46643,4840874,330273116970608,757.31
944000,ge1,All,all,974839,10949902,1861097245648125,158995,7563404,676627804256015,1710.11
944000,ge1,All,inactive,64067,2411979,161169740325589,67447,2411979,161169740325589,388.79
944000,ge1,All,never_spent,869597,3697049,1369654388351928,44905,310551,185184946959818,564.01
944000,ge1,P2PK,all,34311,34406,171617436695372,34325,34405,171617436695372,3.82
944000,ge1,P2PK,inactive,9,9,23264000000,18,9,23264000000,0.00
944000,ge1,P2PK,never_spent,34302,34397,171594172695372,34307,34396,171594172695372,3.82
944000,ge1,P2PKH,active,5990,2254435,39763143119084,6130,2254435,39763143119084,432.85
944000,ge1,P2PKH,all,229826,4839345,435343461954447,71467,3603686,114547712650343,929.15
944000,ge1,P2PKH,inactive,31018,1275384,74724836835227,31089,1275384,74724836835227,244.87
944000,ge1,P2PKH,never_spent,192818,1309526,320855482000136,34248,73867,59732696032,251.43
944000,ge1,P2SH,active,6451,526523,67775435853918,9723,526523,67775435853918,92.67
944000,ge1,P2SH,all,196680,1251257,371296479308645,23578,830783,125459546225814,220.22
944000,ge1,P2SH,inactive,11343,304260,57684110371896,13855,304260,57684110371896,53.55
944000,ge1,P2SH,never_spent,178886,420474,245836933082831,0,0,0,74.00
944000,ge1,P2TR,active,1264,196886,4665482748449,1264,196886,4665482748449,20.28
944000,ge1,P2TR,all,12122,743675,18549897878429,12122,743675,18549897878429,76.60
944000,ge1,P2TR,inactive,352,344756,398170448778,352,344756,398170448778,35.51
944000,ge1,P2TR,never_spent,10506,202033,13486244681202,10506,202033,13486244681202,20.81
944000,ge1,P2WPKH,active,26505,1785822,156853980509629,26598,1785822,156853980509629,200.01
944000,ge1,P2WPKH,all,473474,3597570,730506695062990,47678,2266969,177731178876563,402.93
944000,ge1,P2WPKH,inactive,20974,480896,20832797189363,21029,480896,20832797189363,53.86
944000,ge1,P2WPKH,never_spent,425995,1330852,552819917363998,51,251,44401177571,149.06
944000,ge1,P2WSH,active,965,77208,61215074739528,3185,77208,61215074739528,11.50
944000,ge1,P2WSH,all,28421,286332,133519916243141,4427,83876,68721433915263,42.66
944000,ge1,P2WSH,inactive,370,6668,7506359175735,1242,6668,7506359175735,0.99
944000,ge1,P2WSH,never_spent,27086,202456,64798482327878,0,0,0,30.17
944000,ge10,All,active,8168,1104288,321361319545968,10134,1104288,321361319545968,152.56
944000,ge10,All,all,150452,2823014,1656748468295381,55630,1742527,650687400525155,451.50
944000,ge10,All,inactive,8998,525607,146652919757544,9896,525607,146652919757544,92.58
944000,ge10,All,never_spent,133286,1193119,1188734228991869,35600,112632,182673161221643,206.36
944000,ge10,P2PK,all,34226,34249,171593810982678,34227,34248,171593810982678,3.80
944000,ge10,P2PK,inactive,7,7,22364000000,9,7,22364000000,0.00
944000,ge10,P2PK,never_spent,34219,34242,171571446982678,34218,34241,171571446982678,3.80
944000,ge10,P2PKH,active,1396,196152,38425562212026,1435,196152,38425562212026,37.66
944000,ge10,P2PKH,all,36910,1226062,386496512194264,40625,621762,106118700037571,235.40
944000,ge10,P2PKH,inactive,4962,352158,67649919233012,4981,352158,67649919233012,67.61
944000,ge10,P2PKH,never_spent,30552,677752,280421030749226,34209,73452,43218592533,130.13
944000,ge10,P2SH,active,1472,176098,66312375624651,2532,176098,66312375624651,30.99
944000,ge10,P2SH,all,24908,345796,327020419531940,5073,260804,121432597753035,60.86
944000,ge10,P2SH,inactive,1848,84706,55120222128384,2541,84706,55120222128384,14.91
944000,ge10,P2SH,never_spent,21588,84992,205587821778905,0,0,0,14.96
944000,ge10,P2TR,active,223,10498,4380171410370,223,10498,4380171410370,1.08
944000,ge10,P2TR,all,1640,15663,15733009617829,1640,15663,15733009617829,1.61
944000,ge10,P2TR,inactive,47,245,321356081584,47,245,321356081584,0.03
944000,ge10,P2TR,never_spent,1370,4920,11031482125875,1370,4920,11031482125875,0.51
944000,ge10,P2WPKH,active,4710,667044,151208668090812,4748,667044,151208668090812,74.71
944000,ge10,P2WPKH,all,47342,932199,628087998130634,6822,752419,167352832986301,104.41
944000,ge10,P2WPKH,inactive,2058,85356,16117151374932,2071,85356,16117151374932,9.56
944000,ge10,P2WPKH,never_spent,40574,179799,460762178664890,3,19,27013520557,20.14
944000,ge10,P2WSH,active,367,54496,61034542208109,1300,54496,61034542208109,8.12
944000,ge10,P2WSH,all,5425,71738,127553957347166,1581,57631,68456449147741,10.69
944000,ge10,P2WSH,inactive,76,3135,7421906939632,281,3135,7421906939632,0.47
944000,ge10,P2WSH,never_spent,4982,14107,59097508199425,0,0,0,2.10
944000,ge100,All,active,2666,291872,305808226520684,3559,291872,305808226520684,47.64
944000,ge100,All,all,20024,1207773,1233212951606497,5336,500449,440925971076788,215.36
944000,ge100,All,inactive,1292,208089,126137592380217,1626,208089,126137592380217,38.04
944000,ge100,All,never_spent,16066,707812,801267132705596,151,488,8980152175887,129.67
944000,ge100,P2PK,all,24,26,1024621000000,24,26,1024621000000,0.00
944000,ge100,P2PK,never_spent,24,26,1024621000000,24,26,1024621000000,0.00
944000,ge100,P2PKH,active,313,120398,35308476196368,335,120398,35308476196368,23.12
944000,ge100,P2PKH,all,5180,739931,301986419166870,1107,284367,91394324592817,142.07
944000,ge100,P2PKH,inactive,744,163969,56085848396449,748,163969,56085848396449,31.48
944000,ge100,P2PKH,never_spent,4123,455564,210592094574053,24,0,0,87.47
944000,ge100,P2SH,active,348,75495,63198011102285,784,75495,63198011102285,13.29
944000,ge100,P2SH,all,4086,118062,272482352027491,1338,99868,114219703050123,20.78
944000,ge100,P2SH,inactive,298,24373,51021691947838,554,24373,51021691947838,4.29
944000,ge100,P2SH,never_spent,3440,18194,158262648977368,0,0,0,3.20
944000,ge100,P2TR,active,47,1009,3905778023421,47,1009,3905778023421,0.10
944000,ge100,P2TR,all,185,1528,12085578953256,185,1528,12085578953256,0.16
944000,ge100,P2TR,inactive,11,58,238320746747,11,58,238320746747,0.01
944000,ge100,P2TR,never_spent,127,461,7941480183088,127,461,7941480183088,0.05
944000,ge100,P2WPKH,active,1786,81463,142982143998208,1804,81463,142982143998208,9.12
944000,ge100,P2WPKH,all,9305,131399,532162481530558,2019,99488,154534147379790,14.72
944000,ge100,P2WPKH,inactive,213,18024,11537952388783,215,18024,11537952388783,2.02
944000,ge100,P2WPKH,never_spent,7306,31912,377642385143567,0,1,14050992799,3.57
944000,ge100,P2WSH,active,172,13507,60413817200402,637,13507,60413817200402,2.01
944000,ge100,P2WSH,all,1243,19520,113208738437452,740,15172,67667596100802,2.91
944000,ge100,P2WSH,inactive,26,1665,7253778900400,103,1665,7253778900400,0.25
944000,ge100,P2WSH,never_spent,1045,4348,45541142336650,0,0,0,0.65
944000,ge1000,All,active,362,66378,231288817345344,663,66378,231288817345344,9.33
944000,ge1000,All,all,2019,427216,716749377885100,1121,194044,334357078163989,74.31
944000,ge1000,All,inactive,252,127548,97447584449428,442,127548,97447584449428,23.96
944000,ge1000,All,never_spent,1405,233290,388012976090328,16,118,5620676369217,41.01
944000,ge1000,P2PK,all,1,1,323317000000,1,1,323317000000,0.00
944000,ge1000,P2PK,never_spent,1,1,323317000000,1,1,323317000000,0.00
944000,ge1000,P2PKH,active,50,9392,28152218931483,57,9392,28152218931483,1.80
944000,ge1000,P2PKH,all,617,150739,186980678393512,198,125482,67655218667131,28.94
944000,ge1000,P2PKH,inactive,140,116090,39502999735648,140,116090,39502999735648,22.29
944000,ge1000,P2PKH,never_spent,427,25257,119325459726381,1,0,0,4.85
944000,ge1000,P2SH,active,80,13887,55161123736890,245,13887,55161123736890,2.44
944000,ge1000,P2SH,all,403,23242,159906636543588,501,19897,100398321725541,4.09
944000,ge1000,P2SH,inactive,88,6010,45237197988651,256,6010,45237197988651,1.06
944000,ge1000,P2SH,never_spent,235,3345,59508314818047,0,0,0,0.59
944000,ge1000,P2TR,active,11,406,3062838559088,11,406,3062838559088,0.04
944000,ge1000,P2TR,all,26,523,8360197928305,26,523,8360197928305,0.05
944000,ge1000,P2TR,never_spent,15,117,5297359369217,15,117,5297359369217,0.01
944000,ge1000,P2WPKH,active,172,35577,89207452320464,175,35577,89207452320464,3.98
944000,ge1000,P2WPKH,all,834,47536,283581088626477,192,40948,95445062623398,5.32
944000,ge1000,P2WPKH,inactive,17,5371,6237610302934,17,5371,6237610302934,0.60
944000,ge1000,P2WPKH,never_spent,645,6588,188136026003079,0,0,0,0.74
944000,ge1000,P2WSH,active,49,7116,55705183797419,187,7116,55705183797419,1.06
944000,ge1000,P2WSH,all,137,7868,77334698902348,216,7193,62174960219614,1.17
944000,ge1000,P2WSH,inactive,7,77,6469776422195,29,77,6469776422195,0.01
944000,ge1000,P2WSH,never_spent,81,675,15159738682734,0,0,0,0.10
